97881,2026-07-28T18:56:40Z,US,7,284.67
77524,2026-07-28T18:56:41Z,DE,8,553.57
76154,2026-07-28T18:56:42Z,DE,2,253.58
92551,2026-07-28T18:56:48Z,FR,8,563.83
37049,2026-07-28T18:56:50Z,GB,5,55.15
54730,2026-07-28T18:56:51Z,BR,6,194.10
81683,2026-07-28T18:56:54Z,GB,5,175.83
31971,2026-07-28T18:56:57Z,FR,4,425.45
88971,2026-07-28T18:57:03Z,FR,two,N/A
54097,2026-07-28T18:57:04Z,ES,7,369.30
80037,2026-07-28T18:57:07Z,FR,6,509.26
88433,2026-07-28T18:57:09Z,FR,8,91.70
53344,2026-07-28T18:57:10Z,US,4,445.11
45886,2026-07-28T18:57:11Z,IT,5,278.58
87539,2026-07-28T18:57:12Z,JP,1,53.62
23206,2026-07-28T18:57:13Z,ES,2,223.85
16849,2026-07-28T18:57:15Z,FR,7,120.24
73638,2026-07-28T18:57:17Z,ES,1,177.02
14285,2026-07-28T18:57:21Z,ES,6,504.13
55680,2026-07-28T18:57:23Z,JP,3,455.66
53689,2026-07-28T18:57:23Z,DE,1,440.95
74260,2026-07-28T18:57:26Z,BR,7,260.20
49587,2026-07-28T18:57:27Z,BR,8,354.15
86338,2026-07-28T18:57:27Z,GB,4,445.11
52110,2026-07-28T18:57:32Z,GB,2,240.69
47938,2026-07-28T18:57:35Z,ES,3,86.01
94513,2026-07-28T18:57:35Z,FR,8,486.54
66419,2026-07-28T18:57:38Z,BR,5,590.20
40948,2026-07-28T18:57:38Z,IT,7,100.09
92954,2026-07-28T18:57:39Z,JP,3,330.57
42009,2026-07-28T18:57:40Z,GB,8,63.22
96131,2026-07-28T18:57:47Z,IT,3,70.12
17161,2026-07-28T18:57:47Z,JP,4,391.65
51271,2026-07-28T18:57:50Z,FR,8,546.60
73660,2026-07-28T18:57:52Z,US,7,165.44
19867,2026-07-28T18:57:53Z,US,3,192.41
29612,2026-07-28T18:57:58Z,GB,3,121.83
28276,2026-07-28T18:58:00Z,ES,2,425.03
77987,2026-07-28T18:58:01Z,JP,3,546.76
25937,2026-07-28T18:58:02Z,FR,3,448.93
25758,2026-07-28T18:58:03Z,IT,4,595.19
36339,2026-07-28T18:58:03Z,FR,5,230.98
23951,2026-07-28T18:58:04Z,BR,5,285.14
42936,2026-07-28T18:58:05Z,JP,7,137.40
35620,2026-07-28T18:58:06Z,IT,5,195.41
90310,2026-07-28T18:58:06Z,JP,3,597.74
74037,2026-07-28T18:58:11Z,IT,6,76.90
68283,2026-07-28T18:58:12Z,IT,7,209.46
26612,2026-07-28T18:58:14Z,BR,8,89.94
22527,2026-07-28T18:58:15Z,IT,6,20.99
11727,2026-07-28T18:58:16Z,FR
10992,2026-07-28T18:58:17Z,ES,5,85.38
17622,2026-07-28T18:58:17Z,IT,4,300.80
35202,2026-07-28T18:58:22Z,FR,4,398.63
50050,2026-07-28T18:58:24Z,DE,8,411.84
77862,2026-07-28T18:58:25Z,BR,2,407.43
55223,2026-07-28T18:58:27Z,JP,2,139.53
60345,2026-07-28T18:58:32Z,JP,7,98.35
45449,2026-07-28T18:58:33Z,JP,4,375.27
62440,2026-07-28T18:58:34Z,GB,8,163.15
32170,2026-07-28T18:58:39Z,FR,5,541.25
70307,2026-07-28T18:58:41Z,DE,7,279.23
81353,2026-07-28T18:58:44Z,JP,1,545.14
19281,2026-07-28T18:58:45Z,US,4,211.21
58214,2026-07-28T18:58:45Z,IT,3,510.14
77430,2026-07-28T18:58:47Z,ES,5,500.30
65196,2026-07-28T18:58:47Z,JP,2,199.86
75273,2026-07-28T18:58:47Z,DE,8,234.62
13437,2026-07-28T18:58:49Z,ES,7,250.58
37554,2026-07-28T18:58:54Z,US,3,509.08
19227,2026-07-28T18:58:55Z,GB,5,418.06
75439,2026-07-28T18:58:55Z,ES,4,410.89
50748,2026-07-28T18:58:57Z,GB,3,397.19
74390,2026-07-28T18:59:00Z,DE,6,145.25
84297,2026-07-28T18:59:02Z,GB,4,69.45
40718,2026-07-28T18:59:03Z,GB,7,44.79
43483,2026-07-28T18:59:05Z,DE,8,216.30
66665,2026-07-28T18:59:13Z,FR,6,301.94
68494,2026-07-28T18:59:16Z,FR,3,414.19
78827,2026-07-28T18:59:17Z,DE,5,48.47
21216,2026-07-28T18:59:18Z,BR,3,55.64
48543,2026-07-28T18:59:21Z,IT,5,123.40
65001,2026-07-28T18:59:22Z,BR,3,352.57
28630,2026-07-28T18:59:26Z,FR,5,111.30
61797,2026-07-28T18:59:26Z,DE,6,399.41
60933,2026-07-28T18:59:28Z,FR,5,210.35
45120,2026-07-28T18:59:28Z,BR,8,138.46
14632,2026-07-28T18:59:31Z,FR,2,219.25
89120,2026-07-28T18:59:34Z,ES,4,251.81
97941,2026-07-28T18:59:36Z,IT,7,76.47
37473,2026-07-28T18:59:37Z,JP,6,490.96
42374,2026-07-28T18:59:37Z,IT,5,119.24
47411,2026-07-28T18:59:38Z,BR,3,270.73
79964,2026-07-28T18:59:38Z,IT,4,209.38
83449,2026-07-28T18:59:40Z,US,8,39.19
40511,2026-07-28T18:59:41Z,JP,2,197.30
87981,2026-07-28T18:59:45Z,DE,7,67.00
13470,2026-07-28T18:59:47Z,BR,3,425.77
97113,2026-07-28T18:59:49Z,DE,4,125.07
10103,2026-07-28T18:59:50Z,GB,7,21.34
17807,2026-07-28T18:59:50Z,ES,4,593.94
94715,2026-07-28T18:59:51Z,JP,6,46.59
54045,2026-07-28T18:59:53Z,IT,8,196.92
55397,2026-07-28T18:59:54Z,DE,3,48.68
75591,2026-07-28T19:00:02Z,JP,4,17.98
37462,2026-07-28T19:00:03Z,US,7,508.35
56531,2026-07-28T19:00:04Z,BR,8,344.62
19814,2026-07-28T19:00:07Z,JP,5,387.39
37006,2026-07-28T19:00:07Z,DE,4,419.86
49688,2026-07-28T19:00:13Z,BR,3,256.31
65677,2026-07-28T19:00:16Z,ES,6,335.93
75883,2026-07-28T19:00:17Z,BR,2,269.98
73693,2026-07-28T19:00:18Z,FR,1,514.35
82267,2026-07-28T19:00:18Z,US,3,37.81
20446,2026-07-28T19:00:25Z,GB,8,415.88
98692,2026-07-28T19:00:28Z,US,6,209.70
46315,2026-07-28T19:00:39Z,GB,5,140.32
95181,2026-07-28T19:00:41Z,FR,4,99.02
42283,2026-07-28T19:00:42Z,DE,1,15.65
28301,2026-07-28T19:00:42Z,GB,6,190.74
51167,2026-07-28T19:00:44Z,BR,6,513.54
82220,2026-07-28T19:00:44Z,FR
31125,2026-07-28T19:00:45Z,JP,1,260.16
24196,2026-07-28T19:00:49Z,DE,7,509.70
43419,2026-07-28T19:00:49Z,BR,6,7.71
99081,2026-07-28T19:00:51Z,US,2,399.42
23789,2026-07-28T19:00:52Z,ES,6,252.75
26027,2026-07-28T19:00:54Z,GB,7,216.88
76548,2026-07-28T19:00:55Z,FR,6,553.58
31992,2026-07-28T19:00:56Z,DE,3,57.81
74214,2026-07-28T19:00:57Z,ES,3,256.65
88253,2026-07-28T19:00:58Z,GB,5,180.95
17853,2026-07-28T19:01:00Z,US,3,342.55
38769,2026-07-28T19:01:01Z,FR,8,131.79
68192,2026-07-28T19:01:02Z,FR,6,451.26
96118,2026-07-28T19:01:04Z,JP,4,70.80
37633,2026-07-28T19:01:06Z,GB,5,248.44
59792,2026-07-28T19:01:07Z,US,6,270.48
83226,2026-07-28T19:01:09Z,GB,5,214.47
59734,2026-07-28T19:01:10Z,FR,8,453.18
99728,2026-07-28T19:01:11Z,DE,8,509.66
42388,2026-07-28T19:01:15Z,ES,4,299.46
78709,2026-07-28T19:01:15Z,DE,3,200.76
68361,2026-07-28T19:01:19Z,ES,1,129.79
75093,2026-07-28T19:01:23Z,FR,two,N/A
59736,2026-07-28T19:01:23Z,IT,6,104.00
31567,2026-07-28T19:01:24Z,JP,1,221.03
58858,2026-07-28T19:01:29Z,GB,4,521.81
20762,2026-07-28T19:01:30Z,JP,2,581.90
10978,2026-07-28T19:01:31Z,JP,1,377.47
40014,2026-07-28T19:01:32Z,ES,1,439.38
63686,2026-07-28T19:01:34Z,US,7,472.50
40374,2026-07-28T19:01:39Z,IT,5,388.60
97126,2026-07-28T19:01:41Z,GB,1,17.56
96767,2026-07-28T19:01:44Z,DE,3,29.66
27031,2026-07-28T19:01:48Z,GB,6,338.85
32356,2026-07-28T19:01:49Z,JP,7,174.63
10453,2026-07-28T19:01:51Z,FR,3,27.22
71269,2026-07-28T19:01:52Z,FR,4,87.10
86683,2026-07-28T19:01:56Z,DE,3,279.51
16073,2026-07-28T19:01:59Z,US,4,570.37
39081,2026-07-28T19:02:00Z,US,6,450.45
62540,2026-07-28T19:02:00Z,FR,7,108.83
34928,2026-07-28T19:02:01Z,US,3,382.34
55972,2026-07-28T19:02:02Z,US,6,330.09
41583,2026-07-28T19:02:02Z,BR,1,485.99
78222,2026-07-28T19:02:03Z,FR,6,346.62
78507,2026-07-28T19:02:08Z,BR,4,101.87
49144,2026-07-28T19:02:08Z,BR,5,254.09
30537,2026-07-28T19:02:14Z,DE,4,99.25
28691,2026-07-28T19:02:15Z,ES,3,547.57
10716,2026-07-28T19:02:16Z,FR,5,27.50
82332,2026-07-28T19:02:19Z,IT,7,391.93
50471,2026-07-28T19:02:19Z,US,1,40.72
56207,2026-07-28T19:02:23Z,GB,6,219.66
70727,2026-07-28T19:02:23Z,ES,6,530.69
44293,2026-07-28T19:02:23Z,ES,7,434.51
73738,2026-07-28T19:02:26Z,US,8,232.10
52916,2026-07-28T19:02:28Z,FR,two,N/A
28283,2026-07-28T19:02:30Z,BR,3,532.15
76720,2026-07-28T19:02:32Z,BR,1,474.68
35767,2026-07-28T19:02:33Z,BR,6,56.76
99615,2026-07-28T19:02:33Z,US,7,486.22
13255,2026-07-28T19:02:37Z,DE,5,547.72
52279,2026-07-28T19:02:45Z,IT,5,281.96
63302,2026-07-28T19:02:46Z,ES,7,41.38
90729,2026-07-28T19:02:50Z,BR,7,491.22
11519,2026-07-28T19:02:51Z,IT,4,338.02
19006,2026-07-28T19:02:52Z,FR,7,345.80
43908,2026-07-28T19:02:55Z,DE,2,128.13
83341,2026-07-28T19:02:57Z,JP,1,393.41
24413,2026-07-28T19:02:58Z,ES,3,507.54
67747,2026-07-28T19:03:01Z,GB,3,546.94
13676,2026-07-28T19:03:03Z,GB,3,392.62
16460,2026-07-28T19:03:04Z,BR,1,140.66
75369,2026-07-28T19:03:04Z,IT,5,59.84
58396,2026-07-28T19:03:05Z,BR,2,328.54
56652,2026-07-28T19:03:07Z,GB,5,98.74
77348,2026-07-28T19:03:08Z,JP,5,63.15
34305,2026-07-28T19:03:16Z,ES,5,414.38
17000,2026-07-28T19:03:17Z,FR,6,209.05
51006,2026-07-28T19:03:20Z,BR,5,482.18
52449,2026-07-28T19:03:20Z,IT,7,67.86
97817,2026-07-28T19:03:20Z,BR,4,567.62
14973,2026-07-28T19:03:21Z,US,1,412.14
35445,2026-07-28T19:03:24Z,DE,5,25.97
72216,2026-07-28T19:03:26Z,BR,6,256.88
87790,2026-07-28T19:03:28Z,ES,2,572.57
39531,2026-07-28T19:03:28Z,FR,8,246.83
10443,2026-07-28T19:03:31Z,GB,7,97.23
45097,2026-07-28T19:03:32Z,FR,2,283.95
79289,2026-07-28T19:03:36Z,US,8,146.74
98508,2026-07-28T19:03:37Z,DE,2,382.35
91157,2026-07-28T19:03:41Z,GB,1,367.57
92838,2026-07-28T19:03:43Z,IT,2,535.06
97185,2026-07-28T19:03:44Z,GB,3,462.30
77059,2026-07-28T19:03:45Z,DE,8,205.03
52290,2026-07-28T19:03:46Z,JP,7,149.85
94161,2026-07-28T19:03:47Z,IT,5,563.00
52819,2026-07-28T19:03:47Z,IT,5,136.11
10692,2026-07-28T19:03:49Z,US,8,331.23
15849,2026-07-28T19:03:51Z,FR,7,317.89
21943,2026-07-28T19:03:53Z,IT,2,406.51
89768,2026-07-28T19:03:53Z,GB,4,88.33
96748,2026-07-28T19:03:54Z,DE,2,413.84
39802,2026-07-28T19:03:57Z,US,8,12.73
97123,2026-07-28T19:04:03Z,JP,6,538.53
37632,2026-07-28T19:04:04Z,JP,1,338.36
15698,2026-07-28T19:04:07Z,DE,1,325.54
86215,2026-07-28T19:04:08Z,US,3,466.33
59736,2026-07-28T19:04:09Z,ES,4,98.47
71310,2026-07-28T19:04:10Z,GB,3,255.01
77609,2026-07-28T19:04:11Z,DE,5,527.61
54011,2026-07-28T19:04:14Z,BR,7,104.02
52452,2026-07-28T19:04:14Z,FR,1,192.88
20813,2026-07-28T19:04:16Z,JP,3,257.41
39363,2026-07-28T19:04:19Z,IT,8,154.54
50272,2026-07-28T19:04:20Z,FR,1,142.25
20606,2026-07-28T19:04:22Z,JP,7,236.94
28989,2026-07-28T19:04:23Z,US,7,578.16
31392,2026-07-28T19:04:27Z,US,5,454.60
74015,2026-07-28T19:04:30Z,US,3,26.64
31063,2026-07-28T19:04:32Z,JP,3,550.42
17580,2026-07-28T19:04:34Z,FR,1,190.68
10990,2026-07-28T19:04:34Z,BR,4,269.22
35158,2026-07-28T19:04:35Z,GB,3,333.61
47319,2026-07-28T19:04:37Z,GB,5,393.02
59653,2026-07-28T19:04:38Z,ES,8,350.23
33923,2026-07-28T19:04:40Z,US,5,192.02
54939,2026-07-28T19:04:40Z,IT,2,471.69
89333,2026-07-28T19:04:42Z,IT,7,76.28
83633,2026-07-28T19:04:43Z,US,2,395.47
75926,2026-07-28T19:04:43Z,ES,8,221.32
13147,2026-07-28T19:04:44Z,US,7,192.67
56730,2026-07-28T19:04:49Z,JP,8,492.14
15004,2026-07-28T19:04:55Z,DE,2,483.66
83796,2026-07-28T19:04:56Z,DE,2,488.61
92662,2026-07-28T19:04:58Z,IT,1,427.72
41563,2026-07-28T19:05:02Z,US,4,435.90
66903,2026-07-28T19:05:03Z,GB,2,459.62
58619,2026-07-28T19:05:05Z,IT,7,6.68
91009,2026-07-28T19:05:05Z,FR,8,572.37
59952,2026-07-28T19:05:09Z,IT,8,302.64
59936,2026-07-28T19:05:12Z,GB,3,54.11
59242,2026-07-28T19:05:12Z,DE,1,143.10
11508,2026-07-28T19:05:15Z,GB,7,525.32
44046,2026-07-28T19:05:18Z,DE,2,509.78
47670,2026-07-28T19:05:20Z,DE,7,106.85
89999,2026-07-28T19:05:27Z,IT,5,261.76
19973,2026-07-28T19:05:31Z,IT,2,64.51
65491,2026-07-28T19:05:32Z,GB,8,485.98
99049,2026-07-28T19:05:34Z,US,2,285.59
13734,2026-07-28T19:05:39Z,DE,2,127.15
50772,2026-07-28T19:05:40Z,JP,5,573.00
38824,2026-07-28T19:05:40Z,BR,1,139.03
90876,2026-07-28T19:05:41Z,FR,2,180.75
77378,2026-07-28T19:05:43Z,GB,8,521.54
31220,2026-07-28T19:05:44Z,JP,4,154.02
58772,2026-07-28T19:05:44Z,ES,1,168.02
97176,2026-07-28T19:05:45Z,FR,8,277.68
49626,2026-07-28T19:05:46Z,JP,3,545.90
15250,2026-07-28T19:05:46Z,ES,6,403.90
88346,2026-07-28T19:05:50Z,JP,6,339.22
58723,2026-07-28T19:05:51Z,US,4,590.42
44074,2026-07-28T19:05:51Z,ES,7,366.90
19159,2026-07-28T19:05:53Z,US,4,96.89
46809,2026-07-28T19:05:54Z,FR,4,528.58
94547,2026-07-28T19:05:56Z,DE,8,394.81
30117,2026-07-28T19:05:56Z,ES,1,235.31
78167,2026-07-28T19:06:00Z,DE,2,42.41
40901,2026-07-28T19:06:04Z,BR,6,500.16
56607,2026-07-28T19:06:04Z,FR,6,557.72
14165,2026-07-28T19:06:05Z,IT,4,79.61
26223,2026-07-28T19:06:06Z,ES,8,485.24
74139,2026-07-28T19:06:07Z,US,3,291.75
74215,2026-07-28T19:06:10Z,FR
76469,2026-07-28T19:06:12Z,IT,6,403.97
92149,2026-07-28T19:06:16Z,GB,6,138.64
63264,2026-07-28T19:06:16Z,BR,3,468.88
36603,2026-07-28T19:06:20Z,FR,1,159.72
95398,2026-07-28T19:06:21Z,FR,3,236.99
33149,2026-07-28T19:06:21Z,IT,7,400.52
70730,2026-07-28T19:06:21Z,FR,2,531.58
58330,2026-07-28T19:06:22Z,FR,4,106.46
31440,2026-07-28T19:06:25Z,FR,5,47.50
15677,2026-07-28T19:06:28Z,IT,3,550.30
69471,2026-07-28T19:06:28Z,JP,2,500.34
46368,2026-07-28T19:06:29Z,JP,7,466.75
44854,2026-07-28T19:06:29Z,JP,2,482.47
11605,2026-07-28T19:06:30Z,DE,2,591.69
81562,2026-07-28T19:06:30Z,GB,4,375.39
26505,2026-07-28T19:06:30Z,IT,5,594.65
48112,2026-07-28T19:06:31Z,BR,2,16.22
16758,2026-07-28T19:06:33Z,FR,1,378.95
23618,2026-07-28T19:06:33Z,IT,1,590.82
33121,2026-07-28T19:06:34Z,FR,5,146.61
98347,2026-07-28T19:06:35Z,ES,4,97.48
34020,2026-07-28T19:06:35Z,IT,3,463.52
83433,2026-07-28T19:06:39Z,JP,6,407.16
38826,2026-07-28T19:06:45Z,ES,4,131.88
20269,2026-07-28T19:06:45Z,BR,4,471.52
55143,2026-07-28T19:06:47Z,GB,1,137.23
16857,2026-07-28T19:06:47Z,FR,4,113.20
16707,2026-07-28T19:06:47Z,IT,6,518.37
98483,2026-07-28T19:06:51Z,DE,4,378.58
52615,2026-07-28T19:06:52Z,FR,7,412.00
44874,2026-07-28T19:06:52Z,BR,1,292.62
27616,2026-07-28T19:06:53Z,ES,1,62.96
71579,2026-07-28T19:06:54Z,FR,5,224.69
99448,2026-07-28T19:06:55Z,GB,7,163.96
15762,2026-07-28T19:06:55Z,DE,4,462.55
25690,2026-07-28T19:06:56Z,DE,2,228.58
73053,2026-07-28T19:06:57Z,FR,4,422.18
91064,2026-07-28T19:07:02Z,ES,7,514.32
80736,2026-07-28T19:07:06Z,IT,7,193.51
31037,2026-07-28T19:07:11Z,JP,2,73.09
46872,2026-07-28T19:07:14Z,BR,3,330.22
42934,2026-07-28T19:07:15Z,ES,5,497.33
83007,2026-07-28T19:07:16Z,GB,1,575.27
60942,2026-07-28T19:07:17Z,GB,2,168.27
38624,2026-07-28T19:07:18Z,JP,4,197.60
47831,2026-07-28T19:07:20Z,BR,3,38.76
13679,2026-07-28T19:07:22Z,GB,4,170.40
57010,2026-07-28T19:07:24Z,DE,2,145.01
85789,2026-07-28T19:07:26Z,DE,5,445.95
55173,2026-07-28T19:07:27Z,US,5,148.99
73471,2026-07-28T19:07:27Z,US,6,390.34
45954,2026-07-28T19:07:31Z,US,8,72.39
91112,2026-07-28T19:07:33Z,GB,2,385.10
48908,2026-07-28T19:07:33Z,ES,8,460.20
23922,2026-07-28T19:07:34Z,FR,4,287.13
83888,2026-07-28T19:07:37Z,GB,1,535.24
95012,2026-07-28T19:07:38Z,GB,1,392.85
41634,2026-07-28T19:07:47Z,GB,5,175.37
92408,2026-07-28T19:07:48Z,GB,3,173.51
18053,2026-07-28T19:07:51Z,US,8,577.98
73353,2026-07-28T19:07:55Z,ES,5,200.20
15471,2026-07-28T19:07:59Z,US,1,297.83
94259,2026-07-28T19:08:00Z,ES,2,283.43
95323,2026-07-28T19:08:00Z,GB,6,292.91
84199,2026-07-28T19:08:02Z,US,3,535.56
39268,2026-07-28T19:08:03Z,DE,2,482.93
33222,2026-07-28T19:08:04Z,ES,6,513.03
56242,2026-07-28T19:08:05Z,BR,5,170.56
91918,2026-07-28T19:08:05Z,FR,7,22.17
94895,2026-07-28T19:08:06Z,BR,7,289.89
63972,2026-07-28T19:08:09Z,JP,4,177.99
74506,2026-07-28T19:08:13Z,ES,3,493.32
96221,2026-07-28T19:08:13Z,ES,1,597.61
59731,2026-07-28T19:08:14Z,FR,2,266.66
17100,2026-07-28T19:08:17Z,IT,8,362.77
67607,2026-07-28T19:08:17Z,DE,8,109.12
62279,2026-07-28T19:08:23Z,FR,two,N/A
91096,2026-07-28T19:08:24Z,DE,5,234.19
58228,2026-07-28T19:08:29Z,FR
34758,2026-07-28T19:08:32Z,FR,8,266.85
58428,2026-07-28T19:08:32Z,IT,7,269.11
65799,2026-07-28T19:08:33Z,IT,3,532.50
36582,2026-07-28T19:08:34Z,US,3,136.76
22962,2026-07-28T19:08:40Z,GB,6,252.76
58352,2026-07-28T19:08:40Z,IT,4,331.82
35259,2026-07-28T19:08:42Z,BR,8,69.28
12043,2026-07-28T19:08:42Z,IT,1,99.27
64157,2026-07-28T19:08:42Z,IT,2,450.84
90596,2026-07-28T19:08:44Z,JP,4,534.18
39820,2026-07-28T19:08:47Z,FR,two,N/A
64165,2026-07-28T19:08:48Z,IT,3,507.51
54974,2026-07-28T19:08:48Z,JP,5,141.25
66387,2026-07-28T19:08:49Z,JP,3,71.40
92065,2026-07-28T19:08:53Z,IT,3,71.30
32432,2026-07-28T19:08:57Z,US,7,495.53
52161,2026-07-28T19:08:59Z,IT,5,21.48
27293,2026-07-28T19:09:00Z,DE,1,559.18
73318,2026-07-28T19:09:01Z,IT,6,451.69
50526,2026-07-28T19:09:02Z,DE,7,152.87
86163,2026-07-28T19:09:03Z,FR,1,285.10
92477,2026-07-28T19:09:05Z,IT,7,105.36
53388,2026-07-28T19:09:06Z,JP,7,387.73
90666,2026-07-28T19:09:07Z,IT,5,578.78
41278,2026-07-28T19:09:12Z,IT,3,194.06
30238,2026-07-28T19:09:14Z,FR,3,438.17
96085,2026-07-28T19:09:15Z,GB,8,280.95
55701,2026-07-28T19:09:19Z,FR,5,47.91
25236,2026-07-28T19:09:19Z,BR,2,14.00
89175,2026-07-28T19:09:23Z,FR,7,36.95
65700,2026-07-28T19:09:23Z,IT,2,367.44
97614,2026-07-28T19:09:24Z,GB,1,266.76
47924,2026-07-28T19:09:25Z,DE,2,384.92
50605,2026-07-28T19:09:32Z,DE,1,558.76
11221,2026-07-28T19:09:35Z,US,3,110.16
46295,2026-07-28T19:09:35Z,JP,3,249.30
87446,2026-07-28T19:09:36Z,JP,3,49.96
73505,2026-07-28T19:09:46Z,BR,7,369.13
90706,2026-07-28T19:09:47Z,FR,1,498.69
79802,2026-07-28T19:09:47Z,US,8,566.22
82610,2026-07-28T19:09:47Z,US,1,114.67
42920,2026-07-28T19:09:48Z,US,2,100.35
69308,2026-07-28T19:09:48Z,IT,6,215.80
72753,2026-07-28T19:09:49Z,IT,1,361.21
54918,2026-07-28T19:09:49Z,JP,7,218.64
89400,2026-07-28T19:09:52Z,BR,2,69.85
95171,2026-07-28T19:09:57Z,GB,7,343.86
12492,2026-07-28T19:09:58Z,BR,6,550.48
58823,2026-07-28T19:09:59Z,GB,2,93.13
23166,2026-07-28T19:10:05Z,BR,7,407.64
91717,2026-07-28T19:10:06Z,GB,1,478.54
68603,2026-07-28T19:10:07Z,DE,5,183.86
16767,2026-07-28T19:10:12Z,BR,4,292.63
56044,2026-07-28T19:10:14Z,US,7,26.87
87072,2026-07-28T19:10:17Z,IT,3,589.30
92746,2026-07-28T19:10:18Z,JP,4,56.97
83051,2026-07-28T19:10:28Z,IT,5,297.94
50778,2026-07-28T19:10:29Z,GB,8,437.98
20829,2026-07-28T19:10:29Z,GB,7,492.84
46463,2026-07-28T19:10:34Z,DE,2,453.98
47870,2026-07-28T19:10:36Z,JP,1,211.96
18752,2026-07-28T19:10:39Z,BR,6,326.30
78451,2026-07-28T19:10:39Z,FR,2,308.79
29459,2026-07-28T19:10:40Z,ES,6,121.98
11329,2026-07-28T19:10:40Z,DE,8,222.70
71391,2026-07-28T19:10:43Z,BR,4,258.29
27410,2026-07-28T19:10:49Z,ES,5,204.44
39586,2026-07-28T19:10:55Z,JP,4,299.42
75509,2026-07-28T19:10:55Z,FR
53211,2026-07-28T19:10:57Z,GB,3,336.17
33729,2026-07-28T19:11:01Z,DE,3,532.58
51982,2026-07-28T19:11:02Z,DE,7,186.36
59007,2026-07-28T19:11:05Z,US,1,518.34
20045,2026-07-28T19:11:08Z,DE,3,283.54
27882,2026-07-28T19:11:08Z,US,6,127.95
15388,2026-07-28T19:11:10Z,GB,6,49.15
86449,2026-07-28T19:11:12Z,FR,2,596.30
74398,2026-07-28T19:11:14Z,FR,6,144.65
15834,2026-07-28T19:11:15Z,JP,5,153.16
84213,2026-07-28T19:11:20Z,US,3,573.13
23441,2026-07-28T19:11:21Z,ES,4,557.52
95467,2026-07-28T19:11:22Z,FR,4,374.92
53651,2026-07-28T19:11:26Z,JP,6,479.98
85188,2026-07-28T19:11:27Z,JP,4,320.31
37956,2026-07-28T19:11:28Z,ES,5,265.65
58157,2026-07-28T19:11:30Z,ES,1,304.31
95817,2026-07-28T19:11:38Z,FR,2,438.30
67426,2026-07-28T19:11:40Z,FR,3,239.07
96061,2026-07-28T19:11:40Z,FR,8,279.66
22252,2026-07-28T19:11:44Z,ES,1,573.62
46804,2026-07-28T19:11:46Z,JP,6,58.29
63201,2026-07-28T19:11:49Z,BR,5,569.10
54854,2026-07-28T19:11:51Z,IT,8,281.08
51434,2026-07-28T19:11:55Z,FR,1,51.56
40262,2026-07-28T19:11:56Z,BR,6,96.39
17658,2026-07-28T19:12:00Z,FR,3,113.26
78962,2026-07-28T19:12:04Z,BR,7,590.48
90807,2026-07-28T19:12:04Z,BR,7,359.01
12506,2026-07-28T19:12:05Z,DE,6,76.21
45580,2026-07-28T19:12:09Z,US,6,110.77
71789,2026-07-28T19:12:10Z,ES,6,484.28
35002,2026-07-28T19:12:11Z,BR,5,445.81
34826,2026-07-28T19:12:11Z,BR,3,489.29
94470,2026-07-28T19:12:12Z,GB,8,188.07
51549,2026-07-28T19:12:12Z,JP,6,509.77
77054,2026-07-28T19:12:13Z,FR,6,533.27
39462,2026-07-28T19:12:17Z,BR,7,104.48
54042,2026-07-28T19:12:18Z,JP,1,291.70
39758,2026-07-28T19:12:26Z,BR,2,141.49
28935,2026-07-28T19:12:26Z,ES,1,339.98
10667,2026-07-28T19:12:29Z,JP,5,164.24
30861,2026-07-28T19:12:32Z,IT,2,218.01
20831,2026-07-28T19:12:34Z,JP,1,379.58
37084,2026-07-28T19:12:35Z,GB,4,70.60
86115,2026-07-28T19:12:37Z,DE,2,268.92
78642,2026-07-28T19:12:38Z,DE,2,350.89
84903,2026-07-28T19:12:38Z,DE,4,520.25
71354,2026-07-28T19:12:42Z,JP,7,140.54
84664,2026-07-28T19:12:43Z,DE,8,280.52
97585,2026-07-28T19:12:48Z,FR,1,267.12
64354,2026-07-28T19:12:49Z,GB,7,447.22
76746,2026-07-28T19:12:50Z,DE,8,248.58
11055,2026-07-28T19:12:55Z,FR,6,393.59
35272,2026-07-28T19:12:56Z,BR,1,171.09
57062,2026-07-28T19:12:58Z,BR,2,78.08
68535,2026-07-28T19:13:03Z,US,6,512.17
85280,2026-07-28T19:13:07Z,GB,4,388.36
66619,2026-07-28T19:13:07Z,ES,8,443.65
93018,2026-07-28T19:13:07Z,IT,7,443.24
84751,2026-07-28T19:13:08Z,BR,1,16.06
50724,2026-07-28T19:13:09Z,GB,2,18.04
84119,2026-07-28T19:13:13Z,IT,8,520.59
10817,2026-07-28T19:13:18Z,BR,8,416.27
99332,2026-07-28T19:13:20Z,IT,3,85.97
61086,2026-07-28T19:13:22Z,ES,5,476.61
13101,2026-07-28T19:13:24Z,DE,6,288.28
51810,2026-07-28T19:13:26Z,ES,2,15.91
13693,2026-07-28T19:13:28Z,GB,3,227.66
67591,2026-07-28T19:13:29Z,ES,7,99.22
83818,2026-07-28T19:13:33Z,FR,two,N/A
63451,2026-07-28T19:13:34Z,BR,4,268.47
77157,2026-07-28T19:13:39Z,FR,6,278.72
13776,2026-07-28T19:13:39Z,US,3,429.81
18621,2026-07-28T19:13:41Z,DE,2,533.15
17663,2026-07-28T19:13:43Z,FR,7,132.78
81262,2026-07-28T19:13:46Z,DE,6,520.95
67549,2026-07-28T19:13:47Z,JP,3,52.58
88720,2026-07-28T19:13:47Z,DE,5,526.18
73516,2026-07-28T19:13:49Z,BR,8,266.02
64676,2026-07-28T19:13:50Z,BR,7,109.63
11606,2026-07-28T19:13:55Z,ES,1,105.89
87214,2026-07-28T19:13:56Z,ES,6,481.09
28535,2026-07-28T19:13:58Z,ES,2,457.93
41860,2026-07-28T19:14:02Z,IT,6,387.40
90365,2026-07-28T19:14:02Z,GB,1,345.39
59430,2026-07-28T19:14:03Z,FR,2,315.86
62428,2026-07-28T19:14:03Z,US,5,175.61
19265,2026-07-28T19:14:08Z,US,4,39.29
50180,2026-07-28T19:14:10Z,GB,5,237.00
23397,2026-07-28T19:14:12Z,JP,1,136.51
49263,2026-07-28T19:14:14Z,IT,6,597.07
88653,2026-07-28T19:14:18Z,JP,2,82.44
10394,2026-07-28T19:14:21Z,DE,6,469.66
59657,2026-07-28T19:14:24Z,JP,6,440.65
55439,2026-07-28T19:14:26Z,JP,4,400.56
23771,2026-07-28T19:14:27Z,IT,6,322.70
55071,2026-07-28T19:14:27Z,JP,5,163.73
25607,2026-07-28T19:14:34Z,DE,7,144.02
31773,2026-07-28T19:14:34Z,GB,6,440.48
85464,2026-07-28T19:14:35Z,FR,8,320.50
17037,2026-07-28T19:14:38Z,FR,2,107.40
76758,2026-07-28T19:14:38Z,ES,2,188.35
73732,2026-07-28T19:14:41Z,GB,8,311.32
53945,2026-07-28T19:14:41Z,US,8,139.84
47697,2026-07-28T19:14:45Z,DE,7,364.41
26744,2026-07-28T19:14:47Z,IT,1,338.82
18127,2026-07-28T19:14:48Z,JP,6,97.70
97633,2026-07-28T19:14:49Z,US,5,528.52
14144,2026-07-28T19:14:50Z,BR,3,276.53
74661,2026-07-28T19:14:51Z,DE,6,446.53
18123,2026-07-28T19:14:55Z,US,7,557.42
19928,2026-07-28T19:14:56Z,DE,5,136.10
15843,2026-07-28T19:14:58Z,DE,7,66.34
71064,2026-07-28T19:15:04Z,IT,6,361.21
41709,2026-07-28T19:15:04Z,BR,2,45.00
42687,2026-07-28T19:15:04Z,BR,6,589.90
53027,2026-07-28T19:15:09Z,IT,4,135.77
65063,2026-07-28T19:15:10Z,GB,3,136.17
48104,2026-07-28T19:15:10Z,GB,5,256.42
96112,2026-07-28T19:15:14Z,US,6,83.22
41620,2026-07-28T19:15:16Z,GB,7,583.53
48078,2026-07-28T19:15:16Z,US,1,477.58
55748,2026-07-28T19:15:17Z,US,3,49.52
81878,2026-07-28T19:15:22Z,US,5,426.70
99153,2026-07-28T19:15:23Z,ES,8,48.44
15095,2026-07-28T19:15:25Z,US,8,552.46
25921,2026-07-28T19:15:27Z,IT,4,249.15
66921,2026-07-28T19:15:29Z,DE,8,229.60
16255,2026-07-28T19:15:35Z,DE,6,492.63
79553,2026-07-28T19:15:36Z,FR,4,156.01
94501,2026-07-28T19:15:39Z,IT,6,555.60
27477,2026-07-28T19:15:43Z,IT,7,357.08
51305,2026-07-28T19:15:44Z,IT,7,220.58
12304,2026-07-28T19:15:46Z,US,3,319.53
56325,2026-07-28T19:15:48Z,DE,5,468.04
69131,2026-07-28T19:15:51Z,BR,1,190.03
89302,2026-07-28T19:15:52Z,GB,6,27.14
52079,2026-07-28T19:15:57Z,IT,3,150.27
81270,2026-07-28T19:15:58Z,ES,4,5.83
97754,2026-07-28T19:16:00Z,DE,8,372.02
26340,2026-07-28T19:16:01Z,FR,3,164.52
81417,2026-07-28T19:16:05Z,ES,6,531.91
34374,2026-07-28T19:16:06Z,IT,5,587.81
74799,2026-07-28T19:16:07Z,BR,5,287.95
33051,2026-07-28T19:16:08Z,IT,6,305.24
29794,2026-07-28T19:16:09Z,BR,4,377.50
45065,2026-07-28T19:16:12Z,US,1,77.95
30709,2026-07-28T19:16:15Z,DE,4,298.00
85278,2026-07-28T19:16:20Z,BR,8,93.97
74904,2026-07-28T19:16:20Z,DE,2,353.68
13144,2026-07-28T19:16:21Z,BR,4,15.87
63396,2026-07-28T19:16:21Z,JP,5,190.72
88216,2026-07-28T19:16:21Z,IT,7,489.03
36017,2026-07-28T19:16:23Z,FR,2,421.33
77528,2026-07-28T19:16:23Z,US,1,48.86
57603,2026-07-28T19:16:26Z,IT,1,474.95
67029,2026-07-28T19:16:31Z,FR,2,316.00
75190,2026-07-28T19:16:32Z,GB,8,14.20
99552,2026-07-28T19:16:34Z,JP,8,233.89
17969,2026-07-28T19:16:39Z,FR,7,76.41
71024,2026-07-28T19:16:41Z,JP,8,324.13
96464,2026-07-28T19:16:43Z,IT,6,336.38
69044,2026-07-28T19:16:48Z,BR,2,404.33
38543,2026-07-28T19:16:50Z,GB,1,342.82
62439,2026-07-28T19:16:53Z,GB,3,589.15
61462,2026-07-28T19:16:55Z,US,1,298.75
42156,2026-07-28T19:17:01Z,ES,6,296.99
39384,2026-07-28T19:17:01Z,JP,8,246.40
43845,2026-07-28T19:17:02Z,GB,8,400.12
72442,2026-07-28T19:17:04Z,DE,7,355.67
64222,2026-07-28T19:17:11Z,JP,4,402.76
69610,2026-07-28T19:17:12Z,GB,6,234.45
94306,2026-07-28T19:17:13Z,BR,2,172.65
23638,2026-07-28T19:17:15Z,US,5,63.91
93982,2026-07-28T19:17:15Z,BR,4,220.85
92765,2026-07-28T19:17:17Z,IT,4,107.48
35945,2026-07-28T19:17:20Z,IT,5,524.25
54639,2026-07-28T19:17:21Z,US,4,49.20
41266,2026-07-28T19:17:24Z,BR,8,196.32
73114,2026-07-28T19:17:26Z,ES,1,364.48
64132,2026-07-28T19:17:28Z,DE,1,394.08
65272,2026-07-28T19:17:30Z,IT,6,339.33
64417,2026-07-28T19:17:32Z,GB,6,23.44
18167,2026-07-28T19:17:32Z,DE,3,23.39
36834,2026-07-28T19:17:33Z,GB,6,292.25
42843,2026-07-28T19:17:35Z,BR,6,23.50
85246,2026-07-28T19:17:39Z,GB,7,577.04
41434,2026-07-28T19:17:41Z,FR,6,590.62
86542,2026-07-28T19:17:43Z,IT,5,249.30
65880,2026-07-28T19:17:46Z,GB,8,6.85
11699,2026-07-28T19:17:47Z,US,7,122.01
61180,2026-07-28T19:17:48Z,GB,4,347.72
69701,2026-07-28T19:17:52Z,IT,2,14.01
57113,2026-07-28T19:17:56Z,US,6,117.90
11805,2026-07-28T19:17:59Z,IT,1,542.86
74837,2026-07-28T19:18:01Z,DE,2,91.33
86939,2026-07-28T19:18:03Z,US,8,247.86
16768,2026-07-28T19:18:05Z,IT,4,382.02
64748,2026-07-28T19:18:09Z,FR,5,576.12
27235,2026-07-28T19:18:16Z,JP,1,302.14
23381,2026-07-28T19:18:17Z,GB,7,516.80
59576,2026-07-28T19:18:20Z,DE,3,564.95
10485,2026-07-28T19:18:25Z,ES,2,394.26
85019,2026-07-28T19:18:29Z,JP,5,547.56
83766,2026-07-28T19:18:29Z,US,1,588.69
27615,2026-07-28T19:18:32Z,JP,5,165.05
68686,2026-07-28T19:18:41Z,US,4,219.58
10116,2026-07-28T19:18:41Z,GB,7,461.47
71048,2026-07-28T19:18:43Z,IT,3,539.78
58346,2026-07-28T19:18:45Z,US,3,424.45
16085,2026-07-28T19:18:46Z,GB,2,151.76
42517,2026-07-28T19:18:46Z,BR,3,459.99
66170,2026-07-28T19:18:48Z,US,2,572.84
61701,2026-07-28T19:18:49Z,US,4,74.08
99459,2026-07-28T19:18:51Z,GB,7,463.54
97203,2026-07-28T19:18:55Z,BR,7,428.62
11956,2026-07-28T19:18:56Z,GB,6,187.24
57528,2026-07-28T19:19:04Z,DE,6,168.79
82453,2026-07-28T19:19:04Z,US,3,459.49
71793,2026-07-28T19:19:09Z,BR,3,569.03
37212,2026-07-28T19:19:10Z,DE,8,560.12
28411,2026-07-28T19:19:10Z,DE,3,112.92
32989,2026-07-28T19:19:13Z,ES,1,590.53
13081,2026-07-28T19:19:13Z,GB,8,242.79
50260,2026-07-28T19:19:13Z,GB,6,384.45
39303,2026-07-28T19:19:15Z,JP,1,399.24
83769,2026-07-28T19:19:16Z,FR,5,464.28
67631,2026-07-28T19:19:18Z,GB,6,421.51
25568,2026-07-28T19:19:23Z,GB,2,428.57
44747,2026-07-28T19:19:24Z,US,7,79.22
43180,2026-07-28T19:19:24Z,US,7,351.27
17801,2026-07-28T19:19:26Z,US,4,323.95
22053,2026-07-28T19:19:27Z,DE,2,168.62
14494,2026-07-28T19:19:29Z,BR,4,214.41
59553,2026-07-28T19:19:30Z,FR
80700,2026-07-28T19:19:31Z,JP,5,390.15
93052,2026-07-28T19:19:32Z,IT,4,460.90
72451,2026-07-28T19:19:35Z,JP,1,201.58
66324,2026-07-28T19:19:41Z,ES,8,261.95
61657,2026-07-28T19:19:41Z,DE,7,140.82
76943,2026-07-28T19:19:43Z,FR,5,462.93
65873,2026-07-28T19:19:46Z,IT,8,319.90
93557,2026-07-28T19:19:48Z,GB,7,477.76
66358,2026-07-28T19:19:49Z,BR,8,265.02
70946,2026-07-28T19:19:57Z,US,5,397.62
88007,2026-07-28T19:19:59Z,BR,2,94.14
98199,2026-07-28T19:20:04Z,BR,5,182.66
88973,2026-07-28T19:20:04Z,FR,4,526.65
55767,2026-07-28T19:20:09Z,DE,6,203.83
73120,2026-07-28T19:20:10Z,IT,6,215.63
92196,2026-07-28T19:20:11Z,BR,2,115.55
31038,2026-07-28T19:20:12Z,DE,5,495.62
99012,2026-07-28T19:20:13Z,IT,5,577.88
12853,2026-07-28T19:20:16Z,ES,2,108.37
11317,2026-07-28T19:20:17Z,GB,2,206.96
74892,2026-07-28T19:20:18Z,FR,two,N/A
90574,2026-07-28T19:20:18Z,IT,5,457.29
60994,2026-07-28T19:20:23Z,BR,5,91.71
42326,2026-07-28T19:20:24Z,GB,7,249.91
71133,2026-07-28T19:20:25Z,GB,1,395.11
49077,2026-07-28T19:20:25Z,BR,2,132.77
45599,2026-07-28T19:20:26Z,DE,6,493.15
47687,2026-07-28T19:20:26Z,ES,7,54.82
97223,2026-07-28T19:20:27Z,DE,3,327.09
75509,2026-07-28T19:20:28Z,FR,6,445.14
69877,2026-07-28T19:20:30Z,JP,3,261.15
51537,2026-07-28T19:20:30Z,GB,3,35.96
98160,2026-07-28T19:20:31Z,US,1,88.38
97851,2026-07-28T19:20:34Z,ES,7,352.48
33655,2026-07-28T19:20:37Z,GB,2,127.52
23194,2026-07-28T19:20:38Z,ES,1,281.90
10355,2026-07-28T19:20:38Z,US,4,276.32
83996,2026-07-28T19:20:42Z,JP,6,510.86
39554,2026-07-28T19:20:43Z,IT,1,301.90
18568,2026-07-28T19:20:44Z,IT,7,147.05
85191,2026-07-28T19:20:48Z,JP,5,451.44
34216,2026-07-28T19:20:48Z,FR,4,164.42
19048,2026-07-28T19:20:50Z,US,5,550.75
18228,2026-07-28T19:20:53Z,ES,7,472.69
88198,2026-07-28T19:20:53Z,FR,6,119.31
35814,2026-07-28T19:20:54Z,GB,8,586.50
24127,2026-07-28T19:21:04Z,JP,4,311.67
24402,2026-07-28T19:21:04Z,GB,3,91.19
60209,2026-07-28T19:21:05Z,FR,6,46.29
26822,2026-07-28T19:21:07Z,BR,4,38.14
29087,2026-07-28T19:21:10Z,FR,1,78.78
29138,2026-07-28T19:21:13Z,IT,7,586.92
56752,2026-07-28T19:21:15Z,ES,8,138.65
57444,2026-07-28T19:21:16Z,ES,6,161.45
21178,2026-07-28T19:21:16Z,DE,8,305.32
58943,2026-07-28T19:21:20Z,GB,2,7.32
95445,2026-07-28T19:21:20Z,JP,7,41.77
95318,2026-07-28T19:21:27Z,FR,4,301.64
55730,2026-07-28T19:21:30Z,ES,5,587.87
19861,2026-07-28T19:21:32Z,US,2,523.31
44516,2026-07-28T19:21:32Z,GB,1,512.58
62739,2026-07-28T19:21:35Z,IT,6,317.73
97164,2026-07-28T19:21:36Z,IT,3,94.70
86093,2026-07-28T19:21:36Z,IT,1,333.78
61415,2026-07-28T19:21:39Z,FR,1,103.94
43079,2026-07-28T19:21:49Z,DE,7,473.96
65965,2026-07-28T19:21:51Z,US,5,336.53
32604,2026-07-28T19:21:53Z,DE,6,599.85
57752,2026-07-28T19:21:56Z,US,6,29.62
25887,2026-07-28T19:21:59Z,IT,6,571.32
75882,2026-07-28T19:22:02Z,IT,2,142.56
43201,2026-07-28T19:22:04Z,ES,3,196.73
67260,2026-07-28T19:22:05Z,US,7,171.96
53945,2026-07-28T19:22:06Z,ES,7,428.59
57867,2026-07-28T19:22:09Z,IT,8,58.83
58991,2026-07-28T19:22:15Z,BR,5,496.54
42834,2026-07-28T19:22:15Z,US,5,66.89
86177,2026-07-28T19:22:22Z,DE,2,125.97
72241,2026-07-28T19:22:23Z,ES,7,344.41
17501,2026-07-28T19:22:25Z,FR,8,450.73
58699,2026-07-28T19:22:25Z,IT,7,57.09
70371,2026-07-28T19:22:26Z,GB,1,188.85
46629,2026-07-28T19:22:27Z,DE,8,587.95
74644,2026-07-28T19:22:29Z,FR,3,201.76
55129,2026-07-28T19:22:32Z,ES,3,582.17
88410,2026-07-28T19:22:33Z,JP,6,394.71
24096,2026-07-28T19:22:33Z,JP,8,70.41
94938,2026-07-28T19:22:39Z,DE,2,319.05
47367,2026-07-28T19:22:40Z,FR,two,N/A
44097,2026-07-28T19:22:41Z,GB,5,246.86
39482,2026-07-28T19:22:42Z,US,7,336.24
57925,2026-07-28T19:22:43Z,BR,1,398.70
55437,2026-07-28T19:22:44Z,IT,4,310.21
49615,2026-07-28T19:22:45Z,BR,4,409.83
74502,2026-07-28T19:22:47Z,IT,3,408.30
20742,2026-07-28T19:22:47Z,DE,3,411.65
92592,2026-07-28T19:22:49Z,JP,5,121.57
79503,2026-07-28T19:22:50Z,US,3,534.72
39000,2026-07-28T19:22:51Z,FR,5,255.11
96941,2026-07-28T19:22:56Z,BR,2,583.41
89723,2026-07-28T19:22:58Z,BR,2,206.18
53275,2026-07-28T19:22:59Z,DE,2,456.59
34803,2026-07-28T19:23:00Z,JP,7,402.98
24637,2026-07-28T19:23:06Z,IT,2,283.70
25573,2026-07-28T19:23:10Z,ES,8,596.59
67226,2026-07-28T19:23:12Z,IT,1,447.64
15107,2026-07-28T19:23:13Z,ES,1,599.79
73228,2026-07-28T19:23:13Z,JP,6,52.27
18810,2026-07-28T19:23:17Z,FR
81189,2026-07-28T19:23:22Z,DE,8,116.66
35114,2026-07-28T19:23:22Z,IT,5,350.32
50990,2026-07-28T19:23:23Z,ES,2,358.01
84514,2026-07-28T19:23:24Z,IT,4,308.65
20661,2026-07-28T19:23:24Z,IT,8,535.74
32398,2026-07-28T19:23:25Z,DE,3,215.20
11755,2026-07-28T19:23:27Z,DE,2,134.12
87097,2026-07-28T19:23:34Z,BR,5,137.06
31634,2026-07-28T19:23:42Z,FR,4,138.22
25490,2026-07-28T19:23:55Z,IT,1,460.95
95056,2026-07-28T19:23:57Z,ES,1,519.31
44409,2026-07-28T19:23:57Z,US,4,16.47
89513,2026-07-28T19:23:58Z,US,5,304.89
97482,2026-07-28T19:23:59Z,FR,1,588.94
50776,2026-07-28T19:24:00Z,FR,5,489.82
22121,2026-07-28T19:24:00Z,ES,2,497.20
73436,2026-07-28T19:24:01Z,ES,6,14.99
19341,2026-07-28T19:24:03Z,JP,4,520.10
45362,2026-07-28T19:24:06Z,JP,7,491.93
12153,2026-07-28T19:24:11Z,JP,6,592.12
81291,2026-07-28T19:24:13Z,JP,4,43.11
86758,2026-07-28T19:24:22Z,JP,7,337.63
48554,2026-07-28T19:24:24Z,IT,7,381.78
25698,2026-07-28T19:24:27Z,GB,6,206.44
41528,2026-07-28T19:24:27Z,DE,8,157.05
20350,2026-07-28T19:24:28Z,DE,8,88.38
71715,2026-07-28T19:24:28Z,FR,7,15.90
87462,2026-07-28T19:24:28Z,FR
72506,2026-07-28T19:24:29Z,BR,2,277.35
30432,2026-07-28T19:24:34Z,GB,1,311.31
96651,2026-07-28T19:24:34Z,BR,5,381.74
88120,2026-07-28T19:24:37Z,IT,5,489.22
58188,2026-07-28T19:24:39Z,JP,4,101.33
70762,2026-07-28T19:24:40Z,DE,2,325.91
97662,2026-07-28T19:24:40Z,FR,5,413.65
30311,2026-07-28T19:24:41Z,FR,two,N/A
71474,2026-07-28T19:24:44Z,BR,1,566.50
98121,2026-07-28T19:24:45Z,ES,6,221.34
83947,2026-07-28T19:24:49Z,ES,4,240.51
11319,2026-07-28T19:24:49Z,IT,5,306.24
88180,2026-07-28T19:24:55Z,US,1,334.14
12680,2026-07-28T19:24:55Z,FR,3,283.74
56129,2026-07-28T19:24:59Z,FR,4,263.37
86328,2026-07-28T19:25:02Z,FR,2,258.15
61069,2026-07-28T19:25:08Z,IT,4,37.30
80064,2026-07-28T19:25:11Z,ES,8,263.02
29077,2026-07-28T19:25:16Z,BR,6,333.49
70109,2026-07-28T19:25:19Z,JP,3,36.57
43381,2026-07-28T19:25:27Z,ES,7,238.10
82562,2026-07-28T19:25:27Z,US,6,87.27
99587,2026-07-28T19:25:32Z,BR,5,526.86
16045,2026-07-28T19:25:32Z,IT,3,297.69
31955,2026-07-28T19:25:36Z,IT,8,508.11
24389,2026-07-28T19:25:38Z,IT,7,406.28
82845,2026-07-28T19:25:41Z,DE,5,365.76
28104,2026-07-28T19:25:43Z,JP,3,531.86
44593,2026-07-28T19:25:46Z,JP,1,248.22
24550,2026-07-28T19:25:46Z,JP,7,181.93
40022,2026-07-28T19:25:47Z,ES,5,400.19
78398,2026-07-28T19:25:51Z,BR,4,349.87
96011,2026-07-28T19:25:53Z,BR,5,391.39
22784,2026-07-28T19:25:54Z,DE,5,432.31
32901,2026-07-28T19:25:57Z,FR,1,340.10
14971,2026-07-28T19:26:01Z,ES,4,429.72
84892,2026-07-28T19:26:01Z,JP,6,484.20
15325,2026-07-28T19:26:02Z,BR,4,99.56
40471,2026-07-28T19:26:02Z,IT,6,588.42
22740,2026-07-28T19:26:03Z,US,6,367.32
48936,2026-07-28T19:26:07Z,JP,3,229.03
86893,2026-07-28T19:26:08Z,DE,1,110.63
25934,2026-07-28T19:26:11Z,JP,4,536.03
97371,2026-07-28T19:26:12Z,BR,5,509.97
91192,2026-07-28T19:26:13Z,JP,4,138.81
59317,2026-07-28T19:26:13Z,ES,5,534.64
70133,2026-07-28T19:26:15Z,DE,5,466.63
14938,2026-07-28T19:26:15Z,US,7,21.69
72366,2026-07-28T19:26:19Z,BR,8,49.21
46335,2026-07-28T19:26:25Z,FR,4,578.84
74782,2026-07-28T19:26:26Z,FR,2,367.50
94720,2026-07-28T19:26:27Z,BR,7,278.97
65195,2026-07-28T19:26:29Z,ES,3,409.68
70465,2026-07-28T19:26:31Z,GB,8,175.32
92126,2026-07-28T19:26:32Z,BR,4,561.46
82818,2026-07-28T19:26:39Z,ES,1,315.57
57878,2026-07-28T19:26:39Z,GB,2,361.53
39189,2026-07-28T19:26:42Z,FR,2,578.79
12821,2026-07-28T19:26:43Z,GB,1,444.06
90607,2026-07-28T19:26:44Z,DE,2,450.44
20815,2026-07-28T19:26:44Z,JP,4,597.30
89346,2026-07-28T19:26:45Z,BR,2,242.08
82209,2026-07-28T19:26:46Z,BR,8,117.64
55770,2026-07-28T19:26:46Z,JP,7,196.46
89172,2026-07-28T19:26:49Z,IT,2,248.65
11947,2026-07-28T19:26:50Z,FR,6,541.23
83759,2026-07-28T19:26:50Z,ES,3,334.13
38717,2026-07-28T19:26:54Z,ES,6,91.59
67580,2026-07-28T19:26:55Z,JP,8,264.18
31825,2026-07-28T19:26:56Z,DE,4,461.66
53945,2026-07-28T19:26:56Z,JP,1,125.16
91289,2026-07-28T19:26:58Z,ES,8,194.91
92260,2026-07-28T19:26:59Z,FR,3,256.77
97710,2026-07-28T19:27:03Z,IT,3,81.87
44162,2026-07-28T19:27:03Z,ES,6,140.40
15806,2026-07-28T19:27:03Z,GB,7,506.68
76776,2026-07-28T19:27:05Z,BR,5,328.08
20185,2026-07-28T19:27:06Z,ES,1,193.13
60895,2026-07-28T19:27:07Z,IT,6,557.76
92275,2026-07-28T19:27:09Z,US,3,541.27
80252,2026-07-28T19:27:14Z,FR,1,517.56
37226,2026-07-28T19:27:14Z,BR,7,282.13
44931,2026-07-28T19:27:15Z,US,5,129.12
63553,2026-07-28T19:27:16Z,ES,4,461.37
44327,2026-07-28T19:27:18Z,IT,2,417.07
39061,2026-07-28T19:27:21Z,IT,8,282.55
50448,2026-07-28T19:27:22Z,US,7,561.96
89509,2026-07-28T19:27:24Z,JP,3,575.60
92087,2026-07-28T19:27:25Z,GB,4,71.88
64889,2026-07-28T19:27:34Z,ES,2,559.63
73048,2026-07-28T19:27:35Z,ES,6,475.98
41865,2026-07-28T19:27:38Z,DE,5,420.81
28676,2026-07-28T19:27:41Z,DE,6,130.52
67043,2026-07-28T19:27:41Z,US,6,293.27
56669,2026-07-28T19:27:45Z,FR,8,581.39
42025,2026-07-28T19:27:46Z,BR,7,154.21
58317,2026-07-28T19:27:49Z,BR,5,420.78
28568,2026-07-28T19:27:52Z,GB,8,149.69
67959,2026-07-28T19:27:54Z,FR,4,214.83
35337,2026-07-28T19:27:55Z,JP,3,199.31
65484,2026-07-28T19:27:56Z,DE,7,186.02
72423,2026-07-28T19:27:56Z,FR,two,N/A
28455,2026-07-28T19:27:59Z,BR,5,345.13
20123,2026-07-28T19:28:06Z,ES,6,556.18
91307,2026-07-28T19:28:07Z,DE,3,261.66
48743,2026-07-28T19:28:09Z,FR,2,133.90
54569,2026-07-28T19:28:09Z,FR,5,95.78
75472,2026-07-28T19:28:10Z,BR,4,207.43
22763,2026-07-28T19:28:10Z,GB,8,435.38
48534,2026-07-28T19:28:12Z,DE,1,20.19
48417,2026-07-28T19:28:14Z,US,2,576.87
81945,2026-07-28T19:28:19Z,IT,5,382.99
37630,2026-07-28T19:28:20Z,DE,6,390.42
73324,2026-07-28T19:28:20Z,US,2,214.46
18908,2026-07-28T19:28:23Z,GB,1,327.01
23536,2026-07-28T19:28:24Z,DE,8,40.22
87337,2026-07-28T19:28:27Z,JP,7,527.61
58799,2026-07-28T19:28:33Z,BR,2,537.58
14451,2026-07-28T19:28:34Z,JP,3,509.46
46151,2026-07-28T19:28:35Z,US,8,401.45
17799,2026-07-28T19:28:40Z,BR,4,499.55
64771,2026-07-28T19:28:42Z,FR,1,54.89
89671,2026-07-28T19:28:45Z,US,6,539.48
85676,2026-07-28T19:28:49Z,ES,6,161.52
40305,2026-07-28T19:28:52Z,US,2,265.21
63311,2026-07-28T19:28:53Z,JP,5,538.84
65034,2026-07-28T19:28:53Z,ES,6,336.29
23512,2026-07-28T19:28:55Z,ES,5,321.66
70630,2026-07-28T19:28:57Z,GB,6,496.22
95184,2026-07-28T19:29:00Z,ES,3,6.79
47053,2026-07-28T19:29:02Z,GB,7,447.86
72237,2026-07-28T19:29:03Z,FR,5,87.85
80242,2026-07-28T19:29:05Z,US,2,415.67
83718,2026-07-28T19:29:06Z,DE,2,188.94
20101,2026-07-28T19:29:08Z,IT,2,88.72
53591,2026-07-28T19:29:11Z,GB,1,130.03
62117,2026-07-28T19:29:13Z,ES,6,396.29
76726,2026-07-28T19:29:15Z,ES,7,580.57
89081,2026-07-28T19:29:16Z,FR,2,564.99
23114,2026-07-28T19:29:17Z,IT,6,165.66
10745,2026-07-28T19:29:18Z,DE,6,538.42
60213,2026-07-28T19:29:21Z,GB,2,289.90
93160,2026-07-28T19:29:22Z,JP,2,109.32
30138,2026-07-28T19:29:24Z,FR,7,302.41
75566,2026-07-28T19:29:25Z,ES,7,548.75
87192,2026-07-28T19:29:26Z,JP,3,13.31
18021,2026-07-28T19:29:28Z,FR,7,171.27
93083,2026-07-28T19:29:28Z,DE,4,386.37
19682,2026-07-28T19:29:30Z,JP,3,597.26
37999,2026-07-28T19:29:35Z,IT,8,423.38
69419,2026-07-28T19:29:36Z,JP,4,291.88
23371,2026-07-28T19:29:37Z,ES,5,145.51
68247,2026-07-28T19:29:40Z,JP,2,19.10
45050,2026-07-28T19:29:46Z,BR,7,417.39
41436,2026-07-28T19:29:48Z,DE,2,76.39
86903,2026-07-28T19:29:51Z,JP,3,423.42
89890,2026-07-28T19:29:51Z,JP,2,125.08
53681,2026-07-28T19:30:00Z,US,5,119.61
95108,2026-07-28T19:30:01Z,GB,5,533.71
68128,2026-07-28T19:30:03Z,GB,8,171.09
18774,2026-07-28T19:30:07Z,JP,8,285.10
57980,2026-07-28T19:30:12Z,FR,2,20.13
19598,2026-07-28T19:30:20Z,BR,8,24.58
19567,2026-07-28T19:30:22Z,US,2,439.51
45700,2026-07-28T19:30:22Z,DE,8,485.08
37031,2026-07-28T19:30:23Z,JP,5,536.51
91282,2026-07-28T19:30:24Z,US,7,184.98
20957,2026-07-28T19:30:26Z,DE,7,165.44
22189,2026-07-28T19:30:28Z,DE,1,215.59
84578,2026-07-28T19:30:29Z,IT,8,303.98
83728,2026-07-28T19:30:30Z,GB,6,174.73
67985,2026-07-28T19:30:32Z,GB,5,112.94
23590,2026-07-28T19:30:34Z,JP,3,200.60
35823,2026-07-28T19:30:35Z,IT,7,390.82
33955,2026-07-28T19:30:42Z,IT,2,356.36
72938,2026-07-28T19:30:52Z,IT,6,418.79
98999,2026-07-28T19:30:53Z,US,5,555.68
11366,2026-07-28T19:30:53Z,ES,3,324.03
95722,2026-07-28T19:30:54Z,US,4,291.44
38505,2026-07-28T19:31:00Z,BR,4,415.86
72310,2026-07-28T19:31:09Z,GB,4,294.65
85300,2026-07-28T19:31:10Z,ES,6,80.98
57008,2026-07-28T19:31:11Z,IT,8,230.60
53785,2026-07-28T19:31:11Z,GB,1,377.02
11573,2026-07-28T19:31:13Z,ES,8,302.46
75452,2026-07-28T19:31:13Z,JP,1,259.64
54309,2026-07-28T19:31:17Z,US,3,315.38
92635,2026-07-28T19:31:18Z,US,1,562.01
28002,2026-07-28T19:31:21Z,ES,3,365.80
28369,2026-07-28T19:31:21Z,GB,5,525.96
80972,2026-07-28T19:31:23Z,JP,6,325.40
96221,2026-07-28T19:31:25Z,BR,5,202.65
29618,2026-07-28T19:31:25Z,JP,8,457.45
21560,2026-07-28T19:31:26Z,IT,6,78.63
12376,2026-07-28T19:31:28Z,GB,7,594.81
30610,2026-07-28T19:31:31Z,IT,1,108.89
82821,2026-07-28T19:31:31Z,ES,7,431.42
38662,2026-07-28T19:31:32Z,IT,5,206.74
77582,2026-07-28T19:31:37Z,BR,3,478.90
63249,2026-07-28T19:31:39Z,JP,5,49.03
53972,2026-07-28T19:31:44Z,DE,8,322.35
80325,2026-07-28T19:31:44Z,DE,6,216.49
52131,2026-07-28T19:31:51Z,IT,4,219.61
80829,2026-07-28T19:31:52Z,US,4,65.03
59970,2026-07-28T19:31:52Z,DE,3,94.92
79369,2026-07-28T19:31:56Z,ES,6,30.52
97874,2026-07-28T19:31:56Z,GB,6,155.41
62435,2026-07-28T19:31:58Z,IT,1,53.55
52460,2026-07-28T19:32:00Z,BR,8,248.37
92695,2026-07-28T19:32:03Z,US,2,158.77
55261,2026-07-28T19:32:04Z,DE,6,397.55
42962,2026-07-28T19:32:06Z,BR,8,321.84
26814,2026-07-28T19:32:09Z,GB,4,451.47
62859,2026-07-28T19:32:13Z,US,1,165.12
14403,2026-07-28T19:32:14Z,ES,8,58.96
58755,2026-07-28T19:32:15Z,US,5,86.30
48154,2026-07-28T19:32:16Z,BR,7,219.62
98707,2026-07-28T19:32:17Z,US,2,332.27
85230,2026-07-28T19:32:23Z,FR,5,129.77
27037,2026-07-28T19:32:23Z,IT,6,500.28
50447,2026-07-28T19:32:24Z,FR,8,264.35
87734,2026-07-28T19:32:27Z,IT,4,369.31
47385,2026-07-28T19:32:28Z,JP,7,313.83
89103,2026-07-28T19:32:28Z,US,8,339.75
69131,2026-07-28T19:32:29Z,ES,6,287.10
93924,2026-07-28T19:32:30Z,IT,8,22.39
93784,2026-07-28T19:32:32Z,IT,7,555.06
14435,2026-07-28T19:32:32Z,JP,3,485.84
55137,2026-07-28T19:32:33Z,FR,5,190.61
78957,2026-07-28T19:32:34Z,IT,5,203.20
27316,2026-07-28T19:32:35Z,FR,two,N/A
28943,2026-07-28T19:32:35Z,IT,7,188.21
29560,2026-07-28T19:32:35Z,US,1,553.09
54790,2026-07-28T19:32:36Z,GB,5,178.77
93020,2026-07-28T19:32:36Z,BR,8,129.75
97209,2026-07-28T19:32:45Z,US,2,227.17
75508,2026-07-28T19:32:45Z,FR,7,403.66
51070,2026-07-28T19:32:46Z,BR,1,190.77
96574,2026-07-28T19:32:48Z,JP,7,184.76
43728,2026-07-28T19:32:49Z,US,1,271.18
43807,2026-07-28T19:32:50Z,BR,2,283.56
71061,2026-07-28T19:32:51Z,BR,5,57.72
18367,2026-07-28T19:32:51Z,ES,3,442.05
79804,2026-07-28T19:32:53Z,BR,5,71.52
44741,2026-07-28T19:32:54Z,DE,5,257.21
76736,2026-07-28T19:32:59Z,ES,8,186.47
43606,2026-07-28T19:33:00Z,IT,1,496.61
81201,2026-07-28T19:33:00Z,GB,1,97.71
83816,2026-07-28T19:33:01Z,GB,5,32.62
65311,2026-07-28T19:33:01Z,ES,4,130.24
14182,2026-07-28T19:33:05Z,FR,7,440.02
62157,2026-07-28T19:33:06Z,ES,3,531.20
59282,2026-07-28T19:33:07Z,FR,8,516.75
16515,2026-07-28T19:33:09Z,IT,1,104.75
77747,2026-07-28T19:33:09Z,ES,7,106.15
14674,2026-07-28T19:33:12Z,JP,3,248.93
89319,2026-07-28T19:33:14Z,BR,1,344.13
15460,2026-07-28T19:33:19Z,BR,5,259.00
10839,2026-07-28T19:33:22Z,DE,1,435.75
93058,2026-07-28T19:33:25Z,DE,4,294.38
85998,2026-07-28T19:33:26Z,ES,2,196.27
64078,2026-07-28T19:33:30Z,DE,6,448.84
40657,2026-07-28T19:33:31Z,DE,3,200.87
78667,2026-07-28T19:33:32Z,IT,3,223.45
53739,2026-07-28T19:33:35Z,JP,8,559.69
70663,2026-07-28T19:33:36Z,GB,8,374.79
85836,2026-07-28T19:33:39Z,GB,3,291.83
41478,2026-07-28T19:33:43Z,US,6,397.89
86606,2026-07-28T19:33:48Z,BR,6,64.80
69449,2026-07-28T19:33:49Z,IT,1,264.08
21905,2026-07-28T19:33:49Z,JP,8,129.22
70319,2026-07-28T19:33:52Z,FR,4,557.61
53895,2026-07-28T19:33:53Z,JP,2,121.95
80291,2026-07-28T19:33:55Z,GB,7,35.38
23070,2026-07-28T19:33:57Z,FR,4,344.69
86782,2026-07-28T19:33:59Z,ES,4,454.81
96381,2026-07-28T19:34:00Z,IT,1,206.93
90854,2026-07-28T19:34:01Z,ES,7,541.31
56207,2026-07-28T19:34:03Z,DE,2,24.96
54274,2026-07-28T19:34:04Z,ES,8,198.90
48664,2026-07-28T19:34:06Z,IT,4,205.34
89051,2026-07-28T19:34:07Z,IT,3,439.86
74592,2026-07-28T19:34:09Z,IT,3,30.50
39919,2026-07-28T19:34:10Z,IT,6,498.23
64726,2026-07-28T19:34:12Z,ES,4,227.73
47635,2026-07-28T19:34:12Z,DE,3,504.35
35865,2026-07-28T19:34:15Z,BR,5,20.98
10097,2026-07-28T19:34:16Z,DE,8,337.29
30160,2026-07-28T19:34:18Z,GB,1,44.05
28693,2026-07-28T19:34:21Z,FR,2,168.50
67120,2026-07-28T19:34:22Z,JP,6,207.31
35366,2026-07-28T19:34:23Z,ES,7,460.50
88918,2026-07-28T19:34:25Z,BR,6,175.78
80743,2026-07-28T19:34:26Z,DE,1,583.79
78752,2026-07-28T19:34:26Z,GB,7,448.87
36482,2026-07-28T19:34:27Z,ES,4,109.50
90268,2026-07-28T19:34:31Z,GB,4,56.07
73308,2026-07-28T19:34:31Z,GB,2,92.47
31993,2026-07-28T19:34:32Z,IT,4,169.55
92802,2026-07-28T19:34:33Z,US,5,96.19
74259,2026-07-28T19:34:39Z,BR,1,250.59
17372,2026-07-28T19:34:42Z,IT,3,103.34
84123,2026-07-28T19:34:43Z,US,3,506.87
76514,2026-07-28T19:34:45Z,ES,6,174.41
28943,2026-07-28T19:34:46Z,DE,2,401.37
11184,2026-07-28T19:34:46Z,DE,3,479.05
56141,2026-07-28T19:34:47Z,DE,8,387.92
75479,2026-07-28T19:34:49Z,US,5,89.26
51406,2026-07-28T19:34:50Z,FR
37962,2026-07-28T19:34:53Z,ES,5,513.68
55081,2026-07-28T19:34:55Z,GB,6,329.78
50410,2026-07-28T19:34:56Z,FR
62933,2026-07-28T19:34:58Z,JP,8,456.74
51920,2026-07-28T19:35:00Z,JP,8,210.88
52725,2026-07-28T19:35:01Z,BR,2,51.74
78888,2026-07-28T19:35:03Z,BR,8,590.69
45606,2026-07-28T19:35:05Z,US,8,219.60
55740,2026-07-28T19:35:06Z,IT,1,256.43
81322,2026-07-28T19:35:09Z,ES,6,375.53
87291,2026-07-28T19:35:10Z,BR,1,171.60
34399,2026-07-28T19:35:10Z,BR,7,357.59
65479,2026-07-28T19:35:11Z,US,6,567.42
15452,2026-07-28T19:35:14Z,BR,4,31.16
90398,2026-07-28T19:35:14Z,ES,5,454.79
12643,2026-07-28T19:35:15Z,IT,6,389.37
29232,2026-07-28T19:35:16Z,JP,5,20.62
25661,2026-07-28T19:35:19Z,JP,2,578.15
77427,2026-07-28T19:35:20Z,JP,3,287.94
12286,2026-07-28T19:35:21Z,GB,8,352.68
60345,2026-07-28T19:35:21Z,GB,3,262.60
33960,2026-07-28T19:35:23Z,US,7,362.12
81368,2026-07-28T19:35:24Z,GB,4,315.10
23496,2026-07-28T19:35:24Z,IT,1,429.48
38544,2026-07-28T19:35:26Z,FR,two,N/A
14801,2026-07-28T19:35:30Z,DE,6,133.78
46010,2026-07-28T19:35:32Z,JP,5,590.25
99824,2026-07-28T19:35:32Z,GB,7,154.11
93416,2026-07-28T19:35:33Z,IT,4,288.80
75187,2026-07-28T19:35:34Z,DE,6,111.48
23543,2026-07-28T19:35:35Z,IT,5,589.31
77897,2026-07-28T19:35:36Z,IT,2,367.01
13212,2026-07-28T19:35:37Z,GB,2,99.29
37745,2026-07-28T19:35:37Z,IT,2,166.18
66021,2026-07-28T19:35:37Z,DE,8,30.96
62377,2026-07-28T19:35:41Z,BR,1,105.20
77329,2026-07-28T19:35:45Z,JP,6,594.42
30726,2026-07-28T19:35:47Z,US,2,34.02
85385,2026-07-28T19:35:48Z,BR,5,272.74
21313,2026-07-28T19:35:49Z,JP,6,55.78
10634,2026-07-28T19:35:49Z,ES,5,10.72
40154,2026-07-28T19:35:51Z,BR,6,210.21
23077,2026-07-28T19:35:52Z,GB,1,503.26
84623,2026-07-28T19:35:52Z,GB,5,228.38
25115,2026-07-28T19:35:55Z,FR,2,329.94
66427,2026-07-28T19:35:55Z,BR,2,390.67
43050,2026-07-28T19:35:57Z,FR,1,115.52
57078,2026-07-28T19:35:59Z,DE,5,520.45
78434,2026-07-28T19:36:00Z,ES,1,563.26
19150,2026-07-28T19:36:03Z,DE,6,387.46
57696,2026-07-28T19:36:03Z,FR,3,213.54
77686,2026-07-28T19:36:05Z,DE,4,149.18
95344,2026-07-28T19:36:07Z,US,3,90.65
77367,2026-07-28T19:36:08Z,IT,7,166.68
72572,2026-07-28T19:36:09Z,US,8,15.59
68760,2026-07-28T19:36:10Z,BR,1,571.09
47349,2026-07-28T19:36:11Z,IT,1,522.07
48928,2026-07-28T19:36:11Z,BR,6,49.65
19783,2026-07-28T19:36:16Z,ES,4,65.84
66940,2026-07-28T19:36:18Z,DE,5,112.94
45461,2026-07-28T19:36:20Z,JP,5,120.21
79693,2026-07-28T19:36:20Z,FR,2,269.89
22089,2026-07-28T19:36:20Z,IT,1,156.17
74469,2026-07-28T19:36:21Z,DE,8,127.21
14194,2026-07-28T19:36:23Z,GB,5,430.22
83312,2026-07-28T19:36:28Z,FR
92330,2026-07-28T19:36:30Z,US,8,546.47
99770,2026-07-28T19:36:37Z,DE,4,506.35
50369,2026-07-28T19:36:40Z,BR,1,373.68
90579,2026-07-28T19:36:42Z,IT,3,522.75
89474,2026-07-28T19:36:43Z,DE,5,322.98
68870,2026-07-28T19:36:43Z,BR,3,120.01
99586,2026-07-28T19:36:43Z,DE,6,573.34
64962,2026-07-28T19:36:44Z,ES,8,231.27
32982,2026-07-28T19:36:46Z,DE,4,493.09
73861,2026-07-28T19:36:46Z,FR,1,33.51
72131,2026-07-28T19:36:48Z,ES,1,547.12
79789,2026-07-28T19:36:49Z,FR,8,61.90
87283,2026-07-28T19:36:50Z,FR,2,389.99
71174,2026-07-28T19:36:51Z,BR,1,521.62
69403,2026-07-28T19:36:52Z,BR,1,19.45
38533,2026-07-28T19:36:52Z,JP,6,531.09
79670,2026-07-28T19:36:55Z,GB,8,291.24
91784,2026-07-28T19:36:55Z,IT,5,562.13
23399,2026-07-28T19:36:56Z,DE,4,396.21
69276,2026-07-28T19:36:59Z,GB,2,561.40
14868,2026-07-28T19:36:59Z,DE,2,494.74
25401,2026-07-28T19:37:01Z,FR,3,580.59
13821,2026-07-28T19:37:01Z,IT,4,421.06
21691,2026-07-28T19:37:01Z,JP,6,592.42
55628,2026-07-28T19:37:04Z,BR,2,346.49
49854,2026-07-28T19:37:06Z,JP,7,550.59
99085,2026-07-28T19:37:10Z,DE,7,123.66
20470,2026-07-28T19:37:11Z,ES,3,423.34
52285,2026-07-28T19:37:11Z,FR,5,170.17
34369,2026-07-28T19:37:13Z,FR,6,63.92
98368,2026-07-28T19:37:19Z,IT,4,426.71
10478,2026-07-28T19:37:20Z,GB,5,449.97
60189,2026-07-28T19:37:22Z,DE,1,269.73
85821,2026-07-28T19:37:22Z,ES,2,544.77
18958,2026-07-28T19:37:22Z,BR,3,518.22
74647,2026-07-28T19:37:27Z,JP,3,295.39
91900,2026-07-28T19:37:29Z,US,2,232.33
10164,2026-07-28T19:37:29Z,GB,1,374.78
83044,2026-07-28T19:37:30Z,FR,1,499.20
60650,2026-07-28T19:37:30Z,IT,5,410.84
29530,2026-07-28T19:37:32Z,IT,1,583.89
53880,2026-07-28T19:37:32Z,BR,7,599.08
75887,2026-07-28T19:37:35Z,IT,3,37.56
87933,2026-07-28T19:37:37Z,JP,1,415.53
78399,2026-07-28T19:37:40Z,BR,3,353.00
63280,2026-07-28T19:37:40Z,FR,2,448.10
34112,2026-07-28T19:37:42Z,DE,1,294.60
41707,2026-07-28T19:37:42Z,GB,3,330.67
95259,2026-07-28T19:37:43Z,FR,8,322.11
55106,2026-07-28T19:37:48Z,ES,6,278.39
68411,2026-07-28T19:37:48Z,FR,6,180.31
17257,2026-07-28T19:37:55Z,ES,3,324.09
30121,2026-07-28T19:37:55Z,BR,2,220.91
65248,2026-07-28T19:37:55Z,US,4,217.61
23123,2026-07-28T19:37:56Z,FR,3,348.35
60230,2026-07-28T19:38:03Z,FR,7,189.70
47899,2026-07-28T19:38:04Z,JP,4,480.79
20605,2026-07-28T19:38:05Z,BR,1,413.46
24504,2026-07-28T19:38:05Z,FR,5,339.52
69424,2026-07-28T19:38:07Z,JP,5,419.37
62761,2026-07-28T19:38:07Z,JP,2,537.71
45284,2026-07-28T19:38:07Z,IT,4,490.88
44244,2026-07-28T19:38:08Z,IT,7,561.68
92548,2026-07-28T19:38:08Z,BR,5,275.70
96183,2026-07-28T19:38:10Z,IT,3,372.54
71058,2026-07-28T19:38:10Z,GB,4,187.06
71575,2026-07-28T19:38:11Z,FR,3,74.15
94968,2026-07-28T19:38:14Z,IT,8,352.43
48249,2026-07-28T19:38:14Z,GB,6,145.36
80068,2026-07-28T19:38:14Z,IT,2,261.56
34065,2026-07-28T19:38:14Z,US,8,356.83
93642,2026-07-28T19:38:16Z,IT,1,123.98
83316,2026-07-28T19:38:20Z,IT,3,59.27
81515,2026-07-28T19:38:20Z,DE,2,47.86
12348,2026-07-28T19:38:22Z,GB,5,356.28
60719,2026-07-28T19:38:24Z,ES,5,193.97
28212,2026-07-28T19:38:26Z,US,7,581.48
78606,2026-07-28T19:38:29Z,BR,4,441.03
97286,2026-07-28T19:38:31Z,DE,1,65.44
37591,2026-07-28T19:38:34Z,BR,6,28.96
96544,2026-07-28T19:38:35Z,ES,6,396.00
76547,2026-07-28T19:38:35Z,FR,7,339.30
92557,2026-07-28T19:38:35Z,IT,7,366.61
76496,2026-07-28T19:38:37Z,ES,2,515.84
80031,2026-07-28T19:38:40Z,JP,6,285.44
29906,2026-07-28T19:38:41Z,BR,4,423.67
69774,2026-07-28T19:38:41Z,IT,3,419.71
43902,2026-07-28T19:38:43Z,US,3,175.39
59202,2026-07-28T19:38:44Z,JP,4,480.51
71859,2026-07-28T19:38:45Z,GB,6,335.20
60232,2026-07-28T19:38:46Z,ES,2,338.23
96446,2026-07-28T19:38:52Z,GB,7,190.72
96757,2026-07-28T19:38:52Z,US,1,319.10
51965,2026-07-28T19:38:52Z,IT,3,409.73
36032,2026-07-28T19:38:53Z,ES,2,378.45
25592,2026-07-28T19:38:56Z,ES,1,336.71
23892,2026-07-28T19:38:56Z,US,2,490.79
47626,2026-07-28T19:38:57Z,BR,5,13.93
28926,2026-07-28T19:38:57Z,GB,4,558.82
85511,2026-07-28T19:39:01Z,DE,3,458.12
34444,2026-07-28T19:39:06Z,FR,8,405.19
49943,2026-07-28T19:39:07Z,ES,4,575.15
66018,2026-07-28T19:39:07Z,GB,7,410.80
51832,2026-07-28T19:39:16Z,US,4,376.55
52657,2026-07-28T19:39:19Z,ES,6,303.95
92895,2026-07-28T19:39:23Z,BR,6,413.38
14780,2026-07-28T19:39:24Z,FR,6,131.03
58035,2026-07-28T19:39:28Z,ES,5,30.76
88338,2026-07-28T19:39:36Z,ES,7,533.93
81434,2026-07-28T19:39:41Z,IT,4,353.46
30609,2026-07-28T19:39:41Z,JP,6,280.41
18437,2026-07-28T19:39:43Z,US,1,81.52
88846,2026-07-28T19:39:43Z,FR,two,N/A
20913,2026-07-28T19:39:45Z,GB,5,104.36
84384,2026-07-28T19:39:47Z,BR,6,311.34
38435,2026-07-28T19:39:57Z,JP,5,416.08
87120,2026-07-28T19:40:00Z,GB,2,290.25
39789,2026-07-28T19:40:01Z,JP,5,251.11
94961,2026-07-28T19:40:03Z,ES,6,581.03
88156,2026-07-28T19:40:03Z,IT,4,121.40
89846,2026-07-28T19:40:05Z,BR,3,260.35
74266,2026-07-28T19:40:07Z,DE,5,375.29
79849,2026-07-28T19:40:09Z,US,3,142.13
38930,2026-07-28T19:40:09Z,FR,5,445.73
72899,2026-07-28T19:40:10Z,FR
73812,2026-07-28T19:40:10Z,GB,2,5.78
90236,2026-07-28T19:40:12Z,DE,8,525.11
94991,2026-07-28T19:40:13Z,IT,3,538.43
30950,2026-07-28T19:40:18Z,FR,7,454.44
50814,2026-07-28T19:40:20Z,FR,8,116.15
38501,2026-07-28T19:40:21Z,JP,3,295.58
61980,2026-07-28T19:40:26Z,BR,6,349.74
35509,2026-07-28T19:40:27Z,JP,8,156.92
86304,2026-07-28T19:40:28Z,DE,4,459.30
68070,2026-07-28T19:40:29Z,US,4,68.32
12254,2026-07-28T19:40:30Z,ES,7,341.44
56185,2026-07-28T19:40:31Z,IT,7,314.45
56888,2026-07-28T19:40:34Z,US,4,455.37
26426,2026-07-28T19:40:37Z,DE,3,549.76
62599,2026-07-28T19:40:37Z,DE,4,420.88
63418,2026-07-28T19:40:38Z,DE,3,158.01
13343,2026-07-28T19:40:45Z,JP,7,520.11
45990,2026-07-28T19:40:49Z,FR,3,198.32
79733,2026-07-28T19:40:53Z,FR,two,N/A
94026,2026-07-28T19:40:56Z,IT,3,495.21
50284,2026-07-28T19:40:57Z,JP,4,131.80
90253,2026-07-28T19:40:59Z,US,8,260.73
65274,2026-07-28T19:41:02Z,JP,2,598.56
38234,2026-07-28T19:41:03Z,US,5,120.58
50005,2026-07-28T19:41:04Z,GB,6,337.45
14216,2026-07-28T19:41:04Z,US,8,466.58
21901,2026-07-28T19:41:05Z,ES,5,9.29
41229,2026-07-28T19:41:08Z,US,7,594.39
89797,2026-07-28T19:41:08Z,ES,6,233.53
85194,2026-07-28T19:41:09Z,IT,2,273.39
35984,2026-07-28T19:41:11Z,GB,4,287.68
30842,2026-07-28T19:41:15Z,JP,7,378.65
36375,2026-07-28T19:41:15Z,IT,6,410.25
25179,2026-07-28T19:41:16Z,DE,3,224.64
82804,2026-07-28T19:41:17Z,JP,7,405.40
71629,2026-07-28T19:41:19Z,JP,3,577.51
14235,2026-07-28T19:41:22Z,US,1,359.41
17467,2026-07-28T19:41:22Z,DE,1,50.71
30750,2026-07-28T19:41:22Z,IT,1,42.37
38745,2026-07-28T19:41:26Z,ES,6,369.76
37329,2026-07-28T19:41:26Z,ES,4,531.25
26174,2026-07-28T19:41:27Z,FR,7,171.85
28765,2026-07-28T19:41:29Z,GB,4,147.02
43679,2026-07-28T19:41:31Z,US,3,476.90
93087,2026-07-28T19:41:34Z,FR,3,107.06
78288,2026-07-28T19:41:36Z,ES,4,96.03
58954,2026-07-28T19:41:38Z,ES,7,338.31
63203,2026-07-28T19:41:38Z,BR,4,302.04
51653,2026-07-28T19:41:39Z,GB,8,197.69
22243,2026-07-28T19:41:42Z,FR,4,47.14
91835,2026-07-28T19:41:43Z,FR,1,585.28
15436,2026-07-28T19:41:44Z,IT,8,222.90
83746,2026-07-28T19:41:45Z,DE,5,5.12
94051,2026-07-28T19:41:47Z,IT,1,520.33
24591,2026-07-28T19:41:48Z,FR,2,120.61
23012,2026-07-28T19:41:50Z,DE,7,283.88
66907,2026-07-28T19:41:50Z,FR,two,N/A
33522,2026-07-28T19:41:51Z,FR,8,103.21
20958,2026-07-28T19:41:57Z,FR,6,344.36
94143,2026-07-28T19:42:00Z,BR,6,427.04
60063,2026-07-28T19:42:00Z,IT,2,257.20
13643,2026-07-28T19:42:01Z,BR,4,140.59
97567,2026-07-28T19:42:02Z,JP,5,317.50
82643,2026-07-28T19:42:02Z,BR,5,219.32
10536,2026-07-28T19:42:06Z,JP,8,536.38
92624,2026-07-28T19:42:07Z,GB,8,470.40
20392,2026-07-28T19:42:11Z,US,2,122.98
61962,2026-07-28T19:42:13Z,GB,3,369.93
12240,2026-07-28T19:42:15Z,DE,5,412.19
88057,2026-07-28T19:42:16Z,IT,8,417.62
15718,2026-07-28T19:42:16Z,IT,6,320.09
57753,2026-07-28T19:42:17Z,ES,4,115.68
95549,2026-07-28T19:42:18Z,BR,3,178.05
94542,2026-07-28T19:42:21Z,BR,8,546.08
15160,2026-07-28T19:42:26Z,IT,7,41.29
14734,2026-07-28T19:42:29Z,IT,4,388.94
12606,2026-07-28T19:42:30Z,BR,3,593.58
15534,2026-07-28T19:42:32Z,JP,3,104.18
57573,2026-07-28T19:42:35Z,US,7,90.35
90598,2026-07-28T19:42:36Z,FR,1,115.29
12253,2026-07-28T19:42:37Z,DE,8,54.64
77675,2026-07-28T19:42:38Z,BR,2,308.49
80161,2026-07-28T19:42:41Z,JP,5,563.50
68161,2026-07-28T19:42:42Z,ES,7,299.22
60085,2026-07-28T19:42:42Z,ES,5,200.78
27354,2026-07-28T19:42:43Z,IT,5,562.24
62102,2026-07-28T19:42:45Z,FR,6,217.29
75276,2026-07-28T19:42:48Z,US,8,121.90
12294,2026-07-28T19:42:49Z,DE,8,593.65
93581,2026-07-28T19:42:50Z,DE,1,441.73
68060,2026-07-28T19:42:55Z,IT,6,193.65
61241,2026-07-28T19:42:56Z,US,4,319.12
89958,2026-07-28T19:42:57Z,IT,8,444.63
22154,2026-07-28T19:42:58Z,BR,4,131.88
18853,2026-07-28T19:43:00Z,FR,8,379.74
76526,2026-07-28T19:43:00Z,FR,5,580.69
47941,2026-07-28T19:43:06Z,GB,5,135.68
57453,2026-07-28T19:43:10Z,JP,3,380.11
84901,2026-07-28T19:43:10Z,IT,5,301.37
16082,2026-07-28T19:43:11Z,GB,6,135.52
33479,2026-07-28T19:43:11Z,DE,4,95.93
10809,2026-07-28T19:43:13Z,ES,7,505.80
16238,2026-07-28T19:43:13Z,IT,6,338.96
87314,2026-07-28T19:43:15Z,JP,1,72.47
59193,2026-07-28T19:43:17Z,IT,6,188.09
50537,2026-07-28T19:43:18Z,IT,3,68.27
80300,2026-07-28T19:43:23Z,US,3,351.17
27167,2026-07-28T19:43:24Z,BR,7,525.24
46586,2026-07-28T19:43:26Z,BR,3,381.99
40236,2026-07-28T19:43:26Z,IT,2,317.25
63717,2026-07-28T19:43:34Z,DE,6,118.24
63138,2026-07-28T19:43:35Z,GB,5,242.42
12589,2026-07-28T19:43:37Z,FR,3,385.52
34691,2026-07-28T19:43:40Z,ES,6,116.83
26068,2026-07-28T19:43:41Z,JP,1,53.11
32185,2026-07-28T19:43:42Z,DE,7,114.89
80861,2026-07-28T19:43:42Z,GB,5,459.86
18418,2026-07-28T19:43:43Z,DE,4,565.01
13162,2026-07-28T19:43:54Z,ES,1,449.22
83020,2026-07-28T19:43:54Z,IT,1,68.74
55656,2026-07-28T19:44:02Z,FR,8,473.32
50258,2026-07-28T19:44:03Z,JP,5,193.69
78035,2026-07-28T19:44:04Z,US,8,63.40
46470,2026-07-28T19:44:05Z,US,7,370.09
19294,2026-07-28T19:44:05Z,FR,7,9.26
21685,2026-07-28T19:44:06Z,GB,6,402.71
18833,2026-07-28T19:44:09Z,FR,6,521.14
87791,2026-07-28T19:44:11Z,JP,3,242.20
31036,2026-07-28T19:44:13Z,GB,6,474.15
78738,2026-07-28T19:44:14Z,GB,3,45.56
12384,2026-07-28T19:44:17Z,ES,7,256.65
83343,2026-07-28T19:44:25Z,IT,7,274.32
71823,2026-07-28T19:44:32Z,DE,7,474.63
62202,2026-07-28T19:44:32Z,DE,1,189.50
69982,2026-07-28T19:44:34Z,JP,1,84.88
99769,2026-07-28T19:44:37Z,ES,3,285.30
33507,2026-07-28T19:44:39Z,ES,4,547.58
29609,2026-07-28T19:44:40Z,BR,6,598.55
15021,2026-07-28T19:44:41Z,FR,7,529.08
53360,2026-07-28T19:44:42Z,BR,1,324.06
27109,2026-07-28T19:44:42Z,IT,4,282.90
78316,2026-07-28T19:44:43Z,ES,5,485.41
84261,2026-07-28T19:44:45Z,US,6,500.15
63662,2026-07-28T19:44:49Z,GB,1,519.28
67877,2026-07-28T19:44:54Z,DE,2,161.85
23712,2026-07-28T19:44:57Z,BR,1,536.45
56650,2026-07-28T19:44:58Z,JP,6,418.07
29256,2026-07-28T19:44:59Z,ES,1,138.49
14336,2026-07-28T19:45:00Z,FR,2,49.52
83841,2026-07-28T19:45:02Z,JP,7,544.45
82514,2026-07-28T19:45:03Z,FR,8,398.39
49861,2026-07-28T19:45:05Z,DE,2,306.63
20209,2026-07-28T19:45:08Z,IT,5,592.88
28534,2026-07-28T19:45:09Z,FR,3,566.92
37694,2026-07-28T19:45:11Z,JP,6,381.42
78437,2026-07-28T19:45:15Z,IT,3,418.78
73910,2026-07-28T19:45:20Z,FR,1,188.74
66138,2026-07-28T19:45:25Z,JP,4,187.49
19007,2026-07-28T19:45:25Z,DE,2,90.86
98962,2026-07-28T19:45:27Z,US,5,270.71
48346,2026-07-28T19:45:27Z,JP,1,529.18
70015,2026-07-28T19:45:38Z,IT,7,529.06
74467,2026-07-28T19:45:41Z,BR,2,284.76
88875,2026-07-28T19:45:44Z,GB,7,395.21
98729,2026-07-28T19:45:46Z,DE,3,502.96
96780,2026-07-28T19:45:46Z,FR,8,23.95
20163,2026-07-28T19:45:50Z,IT,1,167.71
23971,2026-07-28T19:45:51Z,US,5,301.22
71545,2026-07-28T19:45:51Z,BR,8,24.90
21937,2026-07-28T19:45:52Z,ES,1,267.23
70732,2026-07-28T19:45:54Z,GB,1,98.99
19781,2026-07-28T19:45:55Z,JP,2,345.34
21764,2026-07-28T19:45:55Z,BR,3,429.08
47926,2026-07-28T19:45:57Z,IT,8,569.15
62380,2026-07-28T19:46:00Z,GB,6,563.77
51152,2026-07-28T19:46:01Z,JP,1,97.49
20016,2026-07-28T19:46:03Z,ES,6,169.52
80412,2026-07-28T19:46:06Z,GB,6,562.88
87128,2026-07-28T19:46:13Z,JP,4,115.93
94909,2026-07-28T19:46:13Z,GB,2,521.00
73262,2026-07-28T19:46:15Z,BR,2,290.38
17877,2026-07-28T19:46:15Z,ES,6,367.91
80381,2026-07-28T19:46:18Z,GB,7,40.83
32495,2026-07-28T19:46:18Z,DE,1,140.32
19097,2026-07-28T19:46:21Z,GB,4,137.46
94253,2026-07-28T19:46:22Z,GB,4,239.67
14197,2026-07-28T19:46:27Z,ES,3,84.32
70753,2026-07-28T19:46:27Z,GB,3,350.28
54498,2026-07-28T19:46:29Z,DE,1,132.87
29755,2026-07-28T19:46:33Z,US,7,568.34
84502,2026-07-28T19:46:34Z,ES,1,6.16
24079,2026-07-28T19:46:35Z,ES,6,211.55
19729,2026-07-28T19:46:36Z,GB,8,6.84
77419,2026-07-28T19:46:36Z,JP,6,115.80
72368,2026-07-28T19:46:37Z,BR,3,166.16
49965,2026-07-28T19:46:37Z,JP,3,188.44
79755,2026-07-28T19:46:39Z,BR,5,250.73
21352,2026-07-28T19:46:40Z,US,3,443.71
47130,2026-07-28T19:46:41Z,IT,7,599.91
93573,2026-07-28T19:46:42Z,GB,1,389.65
95131,2026-07-28T19:46:44Z,IT,3,378.13
90704,2026-07-28T19:46:44Z,DE,2,334.40
28318,2026-07-28T19:46:46Z,BR,4,527.31
94165,2026-07-28T19:46:56Z,GB,5,514.97
31191,2026-07-28T19:46:58Z,GB,2,415.31
67426,2026-07-28T19:47:00Z,ES,2,196.02
59669,2026-07-28T19:47:01Z,FR,8,39.25
33864,2026-07-28T19:47:02Z,GB,1,263.42
26519,2026-07-28T19:47:02Z,DE,3,249.82
11541,2026-07-28T19:47:04Z,JP,5,568.37
54485,2026-07-28T19:47:04Z,JP,3,137.36
51736,2026-07-28T19:47:09Z,US,4,176.90
94606,2026-07-28T19:47:12Z,US,5,276.23
20371,2026-07-28T19:47:14Z,DE,1,482.05
11032,2026-07-28T19:47:16Z,US,2,574.02
96206,2026-07-28T19:47:16Z,ES,1,72.23
40237,2026-07-28T19:47:22Z,ES,4,78.95
10157,2026-07-28T19:47:23Z,JP,8,34.80
39142,2026-07-28T19:47:32Z,DE,2,72.10
56284,2026-07-28T19:47:32Z,BR,8,366.10
73755,2026-07-28T19:47:34Z,FR,3,268.13
87197,2026-07-28T19:47:36Z,ES,4,375.73
59474,2026-07-28T19:47:44Z,DE,5,522.50
54732,2026-07-28T19:47:46Z,IT,6,334.95
47417,2026-07-28T19:47:47Z,BR,2,224.54
34428,2026-07-28T19:47:49Z,US,3,316.37
88098,2026-07-28T19:47:50Z,FR,8,284.99
18779,2026-07-28T19:47:54Z,GB,4,455.40
52901,2026-07-28T19:47:55Z,BR,1,167.95
18250,2026-07-28T19:47:56Z,ES,6,369.18
85288,2026-07-28T19:48:00Z,US,8,478.45
38171,2026-07-28T19:48:03Z,GB,3,56.48
49027,2026-07-28T19:48:04Z,BR,2,448.15
76828,2026-07-28T19:48:06Z,GB,8,579.90
75050,2026-07-28T19:48:09Z,IT,8,556.64
98775,2026-07-28T19:48:09Z,IT,3,401.19
22385,2026-07-28T19:48:17Z,DE,3,95.59
66868,2026-07-28T19:48:19Z,JP,6,281.72
76852,2026-07-28T19:48:20Z,JP,7,483.72
14076,2026-07-28T19:48:24Z,DE,6,524.05
21152,2026-07-28T19:48:25Z,ES,3,534.34
83244,2026-07-28T19:48:27Z,DE,7,277.34
31562,2026-07-28T19:48:31Z,GB,1,225.57
79871,2026-07-28T19:48:32Z,US,4,315.64
76338,2026-07-28T19:48:33Z,FR,2,402.41
88960,2026-07-28T19:48:34Z,IT,4,39.92
26812,2026-07-28T19:48:34Z,GB,3,17.46
26859,2026-07-28T19:48:36Z,FR,8,92.65
78108,2026-07-28T19:48:38Z,GB,1,189.93
86012,2026-07-28T19:48:39Z,JP,5,17.55
13859,2026-07-28T19:48:40Z,BR,1,414.75
71087,2026-07-28T19:48:41Z,BR,5,584.48
14417,2026-07-28T19:48:47Z,ES,7,12.75
23518,2026-07-28T19:48:53Z,DE,1,363.53
94155,2026-07-28T19:48:57Z,DE,8,266.22
66331,2026-07-28T19:49:00Z,JP,1,150.61
98124,2026-07-28T19:49:03Z,BR,8,193.11
89416,2026-07-28T19:49:04Z,ES,5,212.93
99718,2026-07-28T19:49:04Z,DE,7,568.76
95822,2026-07-28T19:49:05Z,GB,6,197.20
64447,2026-07-28T19:49:05Z,JP,8,230.76
17187,2026-07-28T19:49:07Z,ES,2,417.41
63304,2026-07-28T19:49:07Z,JP,8,139.71
61825,2026-07-28T19:49:08Z,DE,5,365.26
40095,2026-07-28T19:49:09Z,FR,3,397.47
35764,2026-07-28T19:49:10Z,FR,8,80.16
56740,2026-07-28T19:49:11Z,FR,8,69.98
25635,2026-07-28T19:49:13Z,FR,4,135.15
82449,2026-07-28T19:49:16Z,IT,7,234.52
38764,2026-07-28T19:49:21Z,US,1,248.37
92945,2026-07-28T19:49:23Z,US,2,597.69
38678,2026-07-28T19:49:23Z,US,2,83.70
56909,2026-07-28T19:49:26Z,FR,5,548.10
25405,2026-07-28T19:49:27Z,GB,4,597.13
14036,2026-07-28T19:49:32Z,JP,3,389.11
75599,2026-07-28T19:49:33Z,FR,7,118.79
43983,2026-07-28T19:49:40Z,JP,3,184.18
96312,2026-07-28T19:49:44Z,GB,1,317.75
12063,2026-07-28T19:49:46Z,GB,2,530.50
72981,2026-07-28T19:49:46Z,GB,5,321.67
62767,2026-07-28T19:49:50Z,FR,1,73.66
90763,2026-07-28T19:49:50Z,JP,1,551.06
90056,2026-07-28T19:50:06Z,JP,7,563.72
30942,2026-07-28T19:50:07Z,IT,5,19.42
37083,2026-07-28T19:50:09Z,IT,8,135.59
58978,2026-07-28T19:50:09Z,ES,1,185.75
92068,2026-07-28T19:50:10Z,US,5,79.60
68165,2026-07-28T19:50:13Z,BR,3,233.56
94340,2026-07-28T19:50:15Z,BR,6,430.99
37543,2026-07-28T19:50:18Z,JP,5,547.45
24361,2026-07-28T19:50:19Z,BR,4,552.74
25736,2026-07-28T19:50:22Z,US,4,517.95
49808,2026-07-28T19:50:28Z,FR,1,388.96
61674,2026-07-28T19:50:30Z,GB,8,421.45
60573,2026-07-28T19:50:32Z,IT,3,569.39
88422,2026-07-28T19:50:33Z,DE,1,250.55
82407,2026-07-28T19:50:37Z,US,1,111.94
84701,2026-07-28T19:50:38Z,GB,6,86.92
40224,2026-07-28T19:50:38Z,FR,2,309.85
30386,2026-07-28T19:50:39Z,BR,1,476.93
44159,2026-07-28T19:50:40Z,GB,7,571.19
96607,2026-07-28T19:50:41Z,US,8,404.97
61657,2026-07-28T19:50:43Z,GB,8,275.69
19458,2026-07-28T19:50:45Z,JP,1,478.44
24060,2026-07-28T19:50:47Z,IT,3,182.45
18974,2026-07-28T19:50:48Z,JP,6,25.70
43220,2026-07-28T19:50:48Z,FR,6,486.43
63281,2026-07-28T19:50:48Z,IT,6,161.26
11989,2026-07-28T19:50:53Z,JP,2,336.37
91097,2026-07-28T19:50:53Z,DE,2,153.61
84002,2026-07-28T19:50:55Z,US,1,128.04
39255,2026-07-28T19:50:57Z,JP,6,508.90
21581,2026-07-28T19:51:00Z,DE,7,6.88
97694,2026-07-28T19:51:08Z,US,5,386.31
75015,2026-07-28T19:51:12Z,GB,2,369.50
48014,2026-07-28T19:51:13Z,FR,3,518.12
58252,2026-07-28T19:51:14Z,BR,5,510.84
85991,2026-07-28T19:51:19Z,US,5,117.00
